home,score,away,year,HomeTeam,AwayTeam,Year,HomeGoals,AwayGoals,TotalGoals
France ,4–1, Mexico,1930.0,,,,,,
Uruguay ,4–2, Argentina,1930.0,,,,,,
Uruguay ,6–1,Yugoslavia,1930.0,,,,,,
Argentina ,6–1, United States,1930.0,,,,,,
Paraguay ,1–0, Belgium,1930.0,,,,,,
United States ,3–0, Paraguay,1930.0,,,,,,
Uruguay ,4–0, Romania,1930.0,,,,,,
Uruguay ,1–0, Peru,1930.0,,,,,,
Romania ,3–1, Peru,1930.0,,,,,,
United States ,3–0, Belgium,1930.0,,,,,,
Yugoslavia ,4–0, Bolivia,1930.0,,,,,,
Yugoslavia ,2–1, Brazil,1930.0,,,,,,
Argentina ,3–1, Chile,1930.0,,,,,,
Argentina ,6–3, Mexico,1930.0,,,,,,
Chile ,1–0, France,1930.0,,,,,,
Chile ,3–0, Mexico,1930.0,,,,,,
Argentina ,1–0, France,1930.0,,,,,,
Brazil ,4–0, Bolivia,1930.0,,,,,,
Italy ,1–1 (a.e.t.), Spain,1934.0,,,,,,
Italy ,2–1 (a.e.t.), Czechoslovakia,1934.0,,,,,,
Germany ,3–2, Austria,1934.0,,,,,,
Italy ,1–0, Austria,1934.0,,,,,,
Italy ,1–0, Spain,1934.0,,,,,,
Czechoslovakia ,3–2, Switzerland,1934.0,,,,,,
Germany ,2–1, Sweden,1934.0,,,,,,
Austria ,2–1, Hungary,1934.0,,,,,,
Czechoslovakia ,3–1, Germany,1934.0,,,,,,
Austria ,3–2 (a.e.t.), France,1934.0,,,,,,
Sweden ,3–2, Argentina,1934.0,,,,,,
Czechoslovakia ,2–1, Romania,1934.0,,,,,,
Italy ,7–1, United States,1934.0,,,,,,
Switzerland ,3–2, Netherlands,1934.0,,,,,,
Hungary ,4–2, Egypt,1934.0,,,,,,
Spain ,3–1, Brazil,1934.0,,,,,,
Germany ,5–2, Belgium,1934.0,,,,,,
Sweden ,8–0, Cuba,1938.0,,,,,,
Italy ,3–1, France,1938.0,,,,,,
Brazil ,1–1 (a.e.t.), Czechoslovakia,1938.0,,,,,,
Brazil ,4–2, Sweden,1938.0,,,,,,
Hungary ,5–1, Sweden,1938.0,,,,,,
Italy ,2–1, Brazil,1938.0,,,,,,
Italy ,4–2, Hungary,1938.0,,,,,,
Brazil ,2–1, Czechoslovakia,1938.0,,,,,,
Cuba ,2–1, Romania,1938.0,,,,,,
Hungary ,2–0, Switzerland,1938.0,,,,,,
Czechoslovakia ,3–0 (a.e.t.), Netherlands,1938.0,,,,,,
Brazil ,6–5 (a.e.t.), Poland,1938.0,,,,,,
Italy ,2–1 (a.e.t.), Norway,1938.0,,,,,,
France ,3–1, Belgium,1938.0,,,,,,
Cuba ,3–3 (a.e.t.), Romania,1938.0,,,,,,
Sweden ,w/o[a], Austria,1938.0,,,,,,
Hungary ,6–0, Dutch East Indies,1938.0,,,,,,
Switzerland ,1–1 (a.e.t.), Germany,1938.0,,,,,,
Switzerland ,4–2, Germany,1938.0,,,,,,
Sweden ,2–2, Paraguay,1950.0,,,,,,
Italy ,2–0, Paraguay,1950.0,,,,,,
Uruguay ,8–0, Bolivia,1950.0,,,,,,
Uruguay ,2–2, Spain,1950.0,,,,,,
Uruguay ,2–1, Brazil,1950.0,,,,,,
Brazil ,6–1, Spain,1950.0,,,,,,
Uruguay ,3–2, Sweden,1950.0,,,,,,
Sweden ,3–1, Spain,1950.0,,,,,,
Sweden ,3–2, Italy,1950.0,,,,,,
Brazil ,7–1, Sweden,1950.0,,,,,,
Chile ,5–2, United States,1950.0,,,,,,
Switzerland ,2–1, Mexico,1950.0,,,,,,
United States ,1–0, England,1950.0,,,,,,
Spain ,2–0, Chile,1950.0,,,,,,
Spain ,3–1, United States,1950.0,,,,,,
England ,2–0, Chile,1950.0,,,,,,
Brazil ,2–0, Yugoslavia,1950.0,,,,,,
Yugoslavia ,4–1, Mexico,1950.0,,,,,,
Brazil ,2–2, Switzerland,1950.0,,,,,,
Yugoslavia ,3–0, Switzerland,1950.0,,,,,,
Brazil ,4–0, Mexico,1950.0,,,,,,
Spain ,1–0, England,1950.0,,,,,,
Italy ,4–1, Belgium,1954.0,,,,,,
Switzerland ,4–1, Italy,1954.0,,,,,,
Austria ,7–5, Switzerland,1954.0,,,,,,
Uruguay ,4–2, England,1954.0,,,,,,
Austria ,3–1, Uruguay,1954.0,,,,,,
Hungary ,4–2, Brazil,1954.0,,,,,,
West Germany ,6–1, Austria,1954.0,,,,,,
Hungary ,4–2 (a.e.t.), Uruguay,1954.0,,,,,,
England ,4–4 (a.e.t.), Belgium,1954.0,,,,,,
West Germany ,3–2, Hungary,1954.0,,,,,,
West Germany ,2–0, Yugoslavia,1954.0,,,,,,
Switzerland ,2–1, Italy,1954.0,,,,,,
England ,2–0, Switzerland,1954.0,,,,,,
Uruguay ,7–0, Scotland,1954.0,,,,,,
Austria ,5–0, Czechoslovakia,1954.0,,,,,,
Brazil ,5–0, Mexico,1954.0,,,,,,
Yugoslavia ,1–0, France,1954.0,,,,,,
France ,3–2, Mexico,1954.0,,,,,,
West Germany ,4–1, Turkey,1954.0,,,,,,
Brazil ,1–1 (a.e.t.), Yugoslavia,1954.0,,,,,,
Hungary ,8–3, West Germany,1954.0,,,,,,
Turkey ,7–0, South Korea,1954.0,,,,,,
West Germany ,7–2, Turkey,1954.0,,,,,,
Uruguay ,2–0, Czechoslovakia,1954.0,,,,,,
Austria ,1–0, Scotland,1954.0,,,,,,
Hungary ,9–0, South Korea,1954.0,,,,,,
Brazil ,2–0, Soviet Union,1958.0,,,,,,
Brazil ,3–0, Austria,1958.0,,,,,,
Soviet Union ,2–2, England,1958.0,,,,,,
Brazil ,0–0, England,1958.0,,,,,,
Soviet Union ,2–0, Austria,1958.0,,,,,,
England ,2–2, Austria,1958.0,,,,,,
Soviet Union ,1–0, England,1958.0,,,,,,
France ,6–3, West Germany,1958.0,,,,,,
France ,4–0, Northern Ireland,1958.0,,,,,,
Sweden ,2–0, Soviet Union,1958.0,,,,,,
West Germany ,1–0, Yugoslavia,1958.0,,,,,,
Brazil ,5–2, France,1958.0,,,,,,
Sweden ,3–1, West Germany,1958.0,,,,,,
Brazil ,5–2, Sweden,1958.0,,,,,,
Wales ,2–1, Hungary,1958.0,,,,,,
Brazil ,1–0, Wales,1958.0,,,,,,
Hungary ,4–0, Mexico,1958.0,,,,,,
Czechoslovakia ,6–1, Argentina,1958.0,,,,,,
Sweden ,2–1, Hungary,1958.0,,,,,,
Sweden ,0–0, Wales,1958.0,,,,,,
Argentina ,1–3, West Germany,1958.0,,,,,,
West Germany ,2–2, Czechoslovakia,1958.0,,,,,,
Argentina ,3–1, Northern Ireland,1958.0,,,,,,
West Germany ,2–2, Northern Ireland,1958.0,,,,,,
Northern Ireland ,2–1 (a.e.t.), Czechoslovakia,1958.0,,,,,,
France ,7–3, Paraguay,1958.0,,,,,,
Northern Ireland ,1–0, Czechoslovakia,1958.0,,,,,,
Yugoslavia ,3–2, France,1958.0,,,,,,
Paraguay ,3–2, Scotland,1958.0,,,,,,
France ,2–1, Scotland,1958.0,,,,,,
Paraguay ,3–3, Yugoslavia,1958.0,,,,,,
Sweden ,3–0, Mexico,1958.0,,,,,,
Hungary ,1–1, Wales,1958.0,,,,,,
Mexico ,1–1, Wales,1958.0,,,,,,
Yugoslavia ,1–1, Scotland,1958.0,,,,,,
Argentina ,1–0, Bulgaria,1962.0,,,,,,
Hungary ,2–1, England,1962.0,,,,,,
England ,3–1, Argentina,1962.0,,,,,,
Hungary ,6–1, Bulgaria,1962.0,,,,,,
Hungary ,0–0, Argentina,1962.0,,,,,,
England ,0–0, Bulgaria,1962.0,,,,,,
Yugoslavia ,1–0, West Germany,1962.0,,,,,,
Czechoslovakia ,1–0, Hungary,1962.0,,,,,,
Brazil ,3–1, England,1962.0,,,,,,
Czechoslovakia ,3–1, Yugoslavia,1962.0,,,,,,
Brazil ,4–2, Chile,1962.0,,,,,,
Mexico ,3–1, Czechoslovakia,1962.0,,,,,,
Brazil ,3–1, Czechoslovakia,1962.0,,,,,,
Chile ,2–1, Soviet Union,1962.0,,,,,,
Brazil ,2–1, Spain,1962.0,,,,,,
Chile ,1–0, Yugoslavia,1962.0,,,,,,
Brazil ,0–0, Czechoslovakia,1962.0,,,,,,
Uruguay ,2–1, Colombia,1962.0,,,,,,
Soviet Union ,2–0, Yugoslavia,1962.0,,,,,,
Yugoslavia ,3–1, Uruguay,1962.0,,,,,,
Soviet Union ,4–4, Colombia,1962.0,,,,,,
Soviet Union ,2–1, Uruguay,1962.0,,,,,,
Yugoslavia ,5–0, Colombia,1962.0,,,,,,
Chile ,3–1, Switzerland,1962.0,,,,,,
Spain ,1–0, Mexico,1962.0,,,,,,
Chile ,2–0, Italy,1962.0,,,,,,
West Germany ,2–1, Switzerland,1962.0,,,,,,
West Germany ,2–0, Chile,1962.0,,,,,,
Italy ,3–0, Switzerland,1962.0,,,,,,
Brazil ,2–0, Mexico,1962.0,,,,,,
Czechoslovakia ,1–0, Spain,1962.0,,,,,,
West Germany ,0–0, Italy,1962.0,,,,,,
Hungary ,3–1, Bulgaria,1966.0,,,,,,
Soviet Union ,3–0, North Korea,1966.0,,,,,,
Italy ,2–0, Chile,1966.0,,,,,,
Chile ,1–1, North Korea,1966.0,,,,,,
Soviet Union ,1–0, Italy,1966.0,,,,,,
North Korea ,1–0, Italy,1966.0,,,,,,
Soviet Union ,2–1, Chile,1966.0,,,,,,
Soviet Union ,2–1, Hungary,1966.0,,,,,,
West Germany ,4–0, Uruguay,1966.0,,,,,,
Portugal ,5–3, North Korea,1966.0,,,,,,
West Germany ,2–1, Soviet Union,1966.0,,,,,,
England ,2–1, Portugal,1966.0,,,,,,
Portugal ,2–1, Soviet Union,1966.0,,,,,,
Portugal ,3–1, Brazil,1966.0,,,,,,
England ,1–0, Argentina,1966.0,,,,,,
England ,4–2 (a.e.t.), West Germany,1966.0,,,,,,
Portugal ,3–0, Bulgaria,1966.0,,,,,,
Portugal ,3–1, Hungary,1966.0,,,,,,
Hungary ,3–1, Brazil,1966.0,,,,,,
England ,0–0, Uruguay,1966.0,,,,,,
France ,1–1, Mexico,1966.0,,,,,,
Uruguay ,2–1, France,1966.0,,,,,,
Mexico ,0–0, Uruguay,1966.0,,,,,,
England ,2–0, France,1966.0,,,,,,
England ,2–0, Mexico,1966.0,,,,,,
Argentina ,2–1, Spain,1966.0,,,,,,
Spain ,2–1, Switzerland,1966.0,,,,,,
Argentina ,0–0, West Germany,1966.0,,,,,,
Argentina ,2–0, Switzerland,1966.0,,,,,,
West Germany ,2–1, Spain,1966.0,,,,,,
Brazil ,2–0, Bulgaria,1966.0,,,,,,
West Germany ,5–0, Switzerland,1966.0,,,,,,
Bulgaria ,1–1, Morocco,1970.0,,,,,,
West Germany ,2–1, Morocco,1970.0,,,,,,
Peru ,3–0, Morocco,1970.0,,,,,,
West Germany ,5–2, Bulgaria,1970.0,,,,,,
West Germany ,3–1, Peru,1970.0,,,,,,
Soviet Union ,0–1 (a.e.t.), Uruguay,1970.0,,,,,,
Peru ,3–2, Bulgaria,1970.0,,,,,,
Brazil ,4–2, Peru,1970.0,,,,,,
West Germany ,3–2 (a.e.t.), England,1970.0,,,,,,
Uruguay ,1–3, Brazil,1970.0,,,,,,
Italy ,4–3 (a.e.t.), West Germany,1970.0,,,,,,
Uruguay ,0–1, West Germany,1970.0,,,,,,
Brazil ,4–1, Italy,1970.0,,,,,,
Italy ,4–1, Mexico,1970.0,,,,,,
Brazil ,3–2, Romania,1970.0,,,,,,
England ,1–0, Czechoslovakia,1970.0,,,,,,
Romania ,2–1, Czechoslovakia,1970.0,,,,,,
Mexico ,0–0, Soviet Union,1970.0,,,,,,
Belgium ,3–0, El Salvador,1970.0,,,,,,
Soviet Union ,4–1, Belgium,1970.0,,,,,,
Mexico ,4–0, El Salvador,1970.0,,,,,,
Mexico ,1–0, Belgium,1970.0,,,,,,
Uruguay ,2–0, Israel,1970.0,,,,,,
Italy ,1–0, Sweden,1970.0,,,,,,
Soviet Union ,2–0, El Salvador,1970.0,,,,,,
Sweden ,1–1, Israel,1970.0,,,,,,
Sweden ,1–0, Uruguay,1970.0,,,,,,
Italy ,0–0, Israel,1970.0,,,,,,
England ,1–0, Romania,1970.0,,,,,,
Brazil ,4–1, Czechoslovakia,1970.0,,,,,,
Brazil ,1–0, England,1970.0,,,,,,
Uruguay ,0–0, Italy,1970.0,,,,,,
Argentina ,1–1, East Germany,1974.0,,,,,,
Argentina ,4–1, Haiti,1974.0,,,,,,
Poland ,2–1, Italy,1974.0,,,,,,
Netherlands ,4–0, Argentina,1974.0,,,,,,
Brazil ,1–0, East Germany,1974.0,,,,,,
Argentina ,1–2, Brazil,1974.0,,,,,,
East Germany ,0–2, Netherlands,1974.0,,,,,,
Netherlands ,2–0, Brazil,1974.0,,,,,,
Netherlands ,1–2, West Germany,1974.0,,,,,,
Sweden ,0–1, Poland,1974.0,,,,,,
Poland ,2–1, Yugoslavia,1974.0,,,,,,
West Germany ,4–2, Sweden,1974.0,,,,,,
Poland ,0–1, West Germany,1974.0,,,,,,
Sweden ,2–1, Yugoslavia,1974.0,,,,,,
Brazil ,0–1, Poland,1974.0,,,,,,
Haiti ,0–7, Poland,1974.0,,,,,,
Yugoslavia ,0–2, West Germany,1974.0,,,,,,
Poland ,3–2, Argentina,1974.0,,,,,,
Argentina ,1–1, Italy,1974.0,,,,,,
Sweden ,3–0, Uruguay,1974.0,,,,,,
Italy ,3–1, Haiti,1974.0,,,,,,
East Germany ,2–0, Australia,1974.0,,,,,,
Australia ,0–3, West Germany,1974.0,,,,,,
Chile ,1–1, East Germany,1974.0,,,,,,
Australia ,0–0, Chile,1974.0,,,,,,
East Germany ,1–0, West Germany,1974.0,,,,,,
Brazil ,0–0, Yugoslavia,1974.0,,,,,,
Zaire ,0–2, Scotland,1974.0,,,,,,
Yugoslavia ,9–0, Zaire,1974.0,,,,,,
West Germany ,1–0, Chile,1974.0,,,,,,
Scotland ,1–1, Yugoslavia,1974.0,,,,,,
Zaire ,0–3, Brazil,1974.0,,,,,,
Uruguay ,0–2, Netherlands,1974.0,,,,,,
Sweden ,0–0, Bulgaria,1974.0,,,,,,
Bulgaria ,1–1, Uruguay,1974.0,,,,,,
Netherlands ,0–0, Sweden,1974.0,,,,,,
Bulgaria ,1–4, Netherlands,1974.0,,,,,,
Scotland ,0–0, Brazil,1974.0,,,,,,
Netherlands ,0–0, Peru,1978.0,,,,,,
Peru ,4–1, Iran,1978.0,,,,,,
Scotland ,3–2, Netherlands,1978.0,,,,,,
Austria ,1–5, Netherlands,1978.0,,,,,,
Italy ,0–0, West Germany,1978.0,,,,,,
Netherlands ,2–2, West Germany,1978.0,,,,,,
Italy ,1–0, Austria,1978.0,,,,,,
Austria ,3–2, West Germany,1978.0,,,,,,
Peru ,0–1, Poland,1978.0,,,,,,
Brazil ,3–0, Peru,1978.0,,,,,,
Argentina ,2–0, Poland,1978.0,,,,,,
Argentina ,0–0, Brazil,1978.0,,,,,,
Brazil ,3–1, Poland,1978.0,,,,,,
Argentina ,6–0, Peru,1978.0,,,,,,
Brazil ,2–1, Italy,1978.0,,,,,,
Argentina ,3–1 (a.e.t.), Netherlands,1978.0,,,,,,
Scotland ,1–1, Iran,1978.0,,,,,,
Italy ,1–2, Netherlands,1978.0,,,,,,
Netherlands ,3–0, Iran,1978.0,,,,,,
France ,3–1, Hungary,1978.0,,,,,,
Brazil ,1–0, Austria,1978.0,,,,,,
Peru ,3–1, Scotland,1978.0,,,,,,
Italy ,2–1, France,1978.0,,,,,,
Argentina ,2–1, Hungary,1978.0,,,,,,
Italy ,3–1, Hungary,1978.0,,,,,,
Argentina ,0–1, Italy,1978.0,,,,,,
West Germany ,0–0, Poland,1978.0,,,,,,
Tunisia ,3–1, Mexico,1978.0,,,,,,
West Germany ,6–0, Mexico,1978.0,,,,,,
Argentina ,2–1, France,1978.0,,,,,,
West Germany ,0–0, Tunisia,1978.0,,,,,,
Poland ,3–1, Mexico,1978.0,,,,,,
Austria ,2–1, Spain,1978.0,,,,,,
Brazil ,1–1, Sweden,1978.0,,,,,,
Austria ,1–0, Sweden,1978.0,,,,,,
Brazil ,0–0, Spain,1978.0,,,,,,
Poland ,1–0, Tunisia,1978.0,,,,,,
Spain ,1–0, Sweden,1978.0,,,,,,
Poland ,3–0, Belgium,1982.0,,,,,,
Brazil ,4–0, New Zealand,1982.0,,,,,,
Soviet Union ,2–2, Scotland,1982.0,,,,,,
Soviet Union ,3–0, New Zealand,1982.0,,,,,,
Italy ,3–1, West Germany,1982.0,,,,,,
Brazil ,2–1, Soviet Union,1982.0,,,,,,
Scotland ,5–2, New Zealand,1982.0,,,,,,
Spain ,0–1, Northern Ireland,1982.0,,,,,,
Belgium ,0–1, Soviet Union,1982.0,,,,,,
Honduras ,0–1, Yugoslavia,1982.0,,,,,,
Brazil ,4–1, Scotland,1982.0,,,,,,
Soviet Union ,0–0, Poland,1982.0,,,,,,
France ,4–1, Northern Ireland,1982.0,,,,,,
West Germany ,2–1, Spain,1982.0,,,,,,
Spain ,0–0, England,1982.0,,,,,,
Italy ,2–1, Argentina,1982.0,,,,,,
Argentina ,1–3, Brazil,1982.0,,,,,,
Italy ,3–2, Brazil,1982.0,,,,,,
Austria ,0–1, France,1982.0,,,,,,
Austria ,2–2, Northern Ireland,1982.0,,,,,,
Poland ,0–2, Italy,1982.0,,,,,,
West Germany ,3-3 (a.e.t.), France,1982.0,,,,,,
Poland ,3–2, France,1982.0,,,,,,
Honduras ,1–1, Northern Ireland,1982.0,,,,,,
West Germany ,0–0, England,1982.0,,,,,,
Spain ,2–1, Yugoslavia,1982.0,,,,,,
England ,3–1, France,1982.0,,,,,,
Spain ,1–1, Honduras,1982.0,,,,,,
Italy ,0–0, Poland,1982.0,,,,,,
Peru ,0–0, Cameroon,1982.0,,,,,,
Italy ,1–1, Peru,1982.0,,,,,,
Poland ,0–0, Cameroon,1982.0,,,,,,
Poland ,5–1, Peru,1982.0,,,,,,
Italy ,1–1, Cameroon,1982.0,,,,,,
West Germany ,1–2, Algeria,1982.0,,,,,,
Chile ,0–1, Austria,1982.0,,,,,,
West Germany ,4–1, Chile,1982.0,,,,,,
Algeria ,0–2, Austria,1982.0,,,,,,
Algeria ,3–2, Chile,1982.0,,,,,,
Yugoslavia ,0–0, Northern Ireland,1982.0,,,,,,
Argentina ,0–1, Belgium,1982.0,,,,,,
Hungary ,10–1, El Salvador,1982.0,,,,,,
Argentina ,4–1, Hungary,1982.0,,,,,,
Belgium ,1–0, El Salvador,1982.0,,,,,,
Belgium ,1–1, Hungary,1982.0,,,,,,
Argentina ,2–0, El Salvador,1982.0,,,,,,
Czechoslovakia ,1–1, Kuwait,1982.0,,,,,,
England ,2–0, Czechoslovakia,1982.0,,,,,,
France ,4–1, Kuwait,1982.0,,,,,,
France ,1–1, Czechoslovakia,1982.0,,,,,,
England ,1–0, Kuwait,1982.0,,,,,,
West Germany ,1–0, Austria,1982.0,,,,,,
Mexico ,2–0, Bulgaria,1986.0,,,,,,
Portugal ,1–3, Morocco,1986.0,,,,,,
England ,3–0, Poland,1986.0,,,,,,
Poland ,1–0, Portugal,1986.0,,,,,,
Denmark ,6–1, Uruguay,1986.0,,,,,,
Portugal ,1–0, England,1986.0,,,,,,
Morocco ,0–0, Poland,1986.0,,,,,,
Scotland ,0–0, Uruguay,1986.0,,,,,,
Denmark ,2–0, West Germany,1986.0,,,,,,
Soviet Union ,3–4 (a.e.t.), Belgium,1986.0,,,,,,
England ,0–0, Morocco,1986.0,,,,,,
Brazil ,4–0, Poland,1986.0,,,,,,
Brazil ,1–1 (a.e.t.), France,1986.0,,,,,,
Italy ,0–2, France,1986.0,,,,,,
Morocco ,0–1, West Germany,1986.0,,,,,,
England ,3–0, Paraguay,1986.0,,,,,,
Denmark ,1–5, Spain,1986.0,,,,,,
West Germany ,0–0 (a.e.t.), Mexico,1986.0,,,,,,
Argentina ,2–1, England,1986.0,,,,,,
Spain ,1–1 (a.e.t.), Belgium,1986.0,,,,,,
France ,0–2, West Germany,1986.0,,,,,,
Argentina ,2–0, Belgium,1986.0,,,,,,
West Germany ,2–1, Scotland,1986.0,,,,,,
Argentina ,3–2, West Germany,1986.0,,,,,,
Argentina ,1–0, Uruguay,1986.0,,,,,,
Belgium ,2–4 (a.e.t.), France,1986.0,,,,,,
Scotland ,0–1, Denmark,1986.0,,,,,,
Algeria ,0–3, Spain,1986.0,,,,,,
Uruguay ,1–1, West Germany,1986.0,,,,,,
Bulgaria ,1–1, Italy,1986.0,,,,,,
Argentina ,3–1, South Korea,1986.0,,,,,,
Italy ,1–1, Argentina,1986.0,,,,,,
South Korea ,1–1, Bulgaria,1986.0,,,,,,
South Korea ,2–3, Italy,1986.0,,,,,,
Argentina ,2–0, Bulgaria,1986.0,,,,,,
Paraguay ,1–0, Iraq,1986.0,,,,,,
Mexico ,1–1, Paraguay,1986.0,,,,,,
Iraq ,1–2, Belgium,1986.0,,,,,,
Paraguay ,2–2, Belgium,1986.0,,,,,,
Belgium ,1–2, Mexico,1986.0,,,,,,
Canada ,0–1, France,1986.0,,,,,,
Iraq ,0–1, Mexico,1986.0,,,,,,
Northern Ireland ,1–2, Spain,1986.0,,,,,,
Brazil ,1–0, Algeria,1986.0,,,,,,
Algeria ,1–1, Northern Ireland,1986.0,,,,,,
Spain ,0–1, Brazil,1986.0,,,,,,
Northern Ireland ,0–3, Brazil,1986.0,,,,,,
Hungary ,0–3, France,1986.0,,,,,,
Hungary ,2–0, Canada,1986.0,,,,,,
France ,1–1, Soviet Union,1986.0,,,,,,
Soviet Union ,6–0, Hungary,1986.0,,,,,,
Soviet Union ,2–0, Canada,1986.0,,,,,,
Brazil ,0–1, Argentina,1990.0,,,,,,
Belgium ,1–2, Spain,1990.0,,,,,,
South Korea ,0–1, Uruguay,1990.0,,,,,,
England ,1–1, Republic of Ireland,1990.0,,,,,,
Netherlands ,1–1, Egypt,1990.0,,,,,,
England ,0–0, Netherlands,1990.0,,,,,,
Republic of Ireland ,0–0, Egypt,1990.0,,,,,,
England ,1–0, Egypt,1990.0,,,,,,
Republic of Ireland ,1–1, Netherlands,1990.0,,,,,,
Cameroon ,2–1 (a.e.t.), Colombia,1990.0,,,,,,
West Germany ,2–1, Netherlands,1990.0,,,,,,
South Korea ,1–3, Spain,1990.0,,,,,,
Italy ,2–0, Uruguay,1990.0,,,,,,
Spain ,1–2 (a.e.t.), Yugoslavia,1990.0,,,,,,
England ,1–0 (a.e.t.), Belgium,1990.0,,,,,,
Argentina ,0–0 (a.e.t.), Yugoslavia,1990.0,,,,,,
Republic of Ireland ,0–1, Italy,1990.0,,,,,,
Czechoslovakia ,0–1, West Germany,1990.0,,,,,,
Cameroon ,2–3 (a.e.t.), England,1990.0,,,,,,
Argentina ,1–1 (a.e.t.), Italy,1990.0,,,,,,
West Germany ,1–1 (a.e.t.), England,1990.0,,,,,,
Italy ,2–1, England,1990.0,,,,,,
West Germany ,1–0, Argentina,1990.0,,,,,,
Republic of Ireland ,0–0 (a.e.t.), Romania,1990.0,,,,,,
Belgium ,3–1, Uruguay,1990.0,,,,,,
Czechoslovakia ,4–1, Costa Rica,1990.0,,,,,,
Belgium ,2–0, South Korea,1990.0,,,,,,
United States ,1–5, Czechoslovakia,1990.0,,,,,,
Italy ,1–0, United States,1990.0,,,,,,
Austria ,0–1, Czechoslovakia,1990.0,,,,,,
Italy ,2–0, Czechoslovakia,1990.0,,,,,,
Austria ,2–1, United States,1990.0,,,,,,
Argentina ,0–1, Cameroon,1990.0,,,,,,
Soviet Union ,0–2, Romania,1990.0,,,,,,
Argentina ,2–0, Soviet Union,1990.0,,,,,,
Cameroon ,2–1, Romania,1990.0,,,,,,
Argentina ,1–1, Romania,1990.0,,,,,,
Cameroon ,0–4, Soviet Union,1990.0,,,,,,
Brazil ,2–1, Sweden,1990.0,,,,,,
Italy ,1–0, Austria,1990.0,,,,,,
Uruguay ,0–0, Spain,1990.0,,,,,,
Brazil ,1–0, Costa Rica,1990.0,,,,,,
Sweden ,1–2, Scotland,1990.0,,,,,,
Brazil ,1–0, Scotland,1990.0,,,,,,
Sweden ,1–2, Costa Rica,1990.0,,,,,,
United Arab Emirates ,0–2, Colombia,1990.0,,,,,,
West Germany ,4–1, Yugoslavia,1990.0,,,,,,
Yugoslavia ,1–0, Colombia,1990.0,,,,,,
West Germany ,5–1, United Arab Emirates,1990.0,,,,,,
West Germany ,1–1, Colombia,1990.0,,,,,,
Yugoslavia ,4–1, United Arab Emirates,1990.0,,,,,,
Costa Rica ,1–0, Scotland,1990.0,,,,,,
Spain ,3–0, Switzerland,1994.0,,,,,,
Germany ,3–2, Belgium,1994.0,,,,,,
Morocco ,1–2, Netherlands,1994.0,,,,,,
Belgium ,0–1, Saudi Arabia,1994.0,,,,,,
Republic of Ireland ,0–0, Norway,1994.0,,,,,,
Belgium ,1–0, Netherlands,1994.0,,,,,,
Netherlands ,2–1, Saudi Arabia,1994.0,,,,,,
Belgium ,1–0, Morocco,1994.0,,,,,,
Saudi Arabia ,1–3, Sweden,1994.0,,,,,,
Saudi Arabia ,2–1, Morocco,1994.0,,,,,,
Romania ,3–2, Argentina,1994.0,,,,,,
Netherlands ,2–3, Brazil,1994.0,,,,,,
Brazil ,1–0, United States,1994.0,,,,,,
Nigeria ,1–2 (a.e.t.), Italy,1994.0,,,,,,
Mexico ,1–1 (a.e.t.), Bulgaria,1994.0,,,,,,
Italy ,2–1, Spain,1994.0,,,,,,
Bulgaria ,2–1, Germany,1994.0,,,,,,
Romania ,2–2 (a.e.t.), Sweden,1994.0,,,,,,
Bulgaria ,1–2, Italy,1994.0,,,,,,
Sweden ,0–1, Brazil,1994.0,,,,,,
Sweden ,4–0, Bulgaria,1994.0,,,,,,
Brazil ,0–0 (a.e.t.), Italy,1994.0,,,,,,
Mexico ,2–1, Republic of Ireland,1994.0,,,,,,
Netherlands ,2–0, Republic of Ireland,1994.0,,,,,,
Italy ,1–0, Norway,1994.0,,,,,,
Italy ,1–1, Mexico,1994.0,,,,,,
Italy ,0–1, Republic of Ireland,1994.0,,,,,,
Norway ,1–0, Mexico,1994.0,,,,,,
United States ,1–1, Switzerland,1994.0,,,,,,
Colombia ,1–3, Romania,1994.0,,,,,,
Romania ,1–4, Switzerland,1994.0,,,,,,
United States ,2–1, Colombia,1994.0,,,,,,
Switzerland ,0–2, Colombia,1994.0,,,,,,
United States ,0–1, Romania,1994.0,,,,,,
Brazil ,2–0, Russia,1994.0,,,,,,
Brazil ,3–0, Cameroon,1994.0,,,,,,
Sweden ,3–1, Russia,1994.0,,,,,,
Russia ,6–1, Cameroon,1994.0,,,,,,
Brazil ,1–1, Sweden,1994.0,,,,,,
Cameroon ,2–2, Sweden,1994.0,,,,,,
Spain ,2–2, South Korea,1994.0,,,,,,
Greece ,0–2, Nigeria,1994.0,,,,,,
Germany ,1–0, Bolivia,1994.0,,,,,,
Argentina ,0–2, Bulgaria,1994.0,,,,,,
Bulgaria ,4–0, Greece,1994.0,,,,,,
Nigeria ,3–0, Bulgaria,1994.0,,,,,,
Argentina ,2–1, Nigeria,1994.0,,,,,,
Germany ,3–2, South Korea,1994.0,,,,,,
Bolivia ,1–3, Spain,1994.0,,,,,,
South Korea ,0–0, Bolivia,1994.0,,,,,,
Germany ,1–1, Spain,1994.0,,,,,,
Argentina ,4–0, Greece,1994.0,,,,,,
Argentina ,1–0, Croatia,1998.0,,,,,,
Argentina ,1–0, Japan,1998.0,,,,,,
Argentina ,5–0, Jamaica,1998.0,,,,,,
Japan ,0–1, Croatia,1998.0,,,,,,
Jamaica ,1–3, Croatia,1998.0,,,,,,
Romania ,1–1, Tunisia,1998.0,,,,,,
United States ,0–1, FR Yugoslavia,1998.0,,,,,,
Colombia ,1–0, Tunisia,1998.0,,,,,,
Romania ,1–0, Colombia,1998.0,,,,,,
England ,2–0, Tunisia,1998.0,,,,,,
Germany ,2–0, Iran,1998.0,,,,,,
Japan ,1–2, Jamaica,1998.0,,,,,,
Romania ,2–1, England,1998.0,,,,,,
Italy ,1–0, Norway,1998.0,,,,,,
France ,2–1, Croatia,1998.0,,,,,,
France ,1–0 (a.e.t.), Paraguay,1998.0,,,,,,
Nigeria ,1–4, Denmark,1998.0,,,,,,
Germany ,2–1, Mexico,1998.0,,,,,,
Netherlands ,2–1, FR Yugoslavia,1998.0,,,,,,
Romania ,0–1, Croatia,1998.0,,,,,,
Argentina ,2–2 (a.e.t.), England,1998.0,,,,,,
Italy ,0–0 (a.e.t.), France,1998.0,,,,,,
Brazil ,3–2, Denmark,1998.0,,,,,,
Netherlands ,2–1, Argentina,1998.0,,,,,,
Germany ,0–3, Croatia,1998.0,,,,,,
Brazil ,1–1 (a.e.t.), Netherlands,1998.0,,,,,,
Netherlands ,1–2, Croatia,1998.0,,,,,,
Brazil ,0–3, France,1998.0,,,,,,
United States ,1–2, Iran,1998.0,,,,,,
Brazil ,4–1, Chile,1998.0,,,,,,
Germany ,2–2, FR Yugoslavia,1998.0,,,,,,
Colombia ,0–2, England,1998.0,,,,,,
FR Yugoslavia ,1–0, Iran,1998.0,,,,,,
Morocco ,2–2, Norway,1998.0,,,,,,
Scotland ,1–1, Norway,1998.0,,,,,,
Brazil ,3–0, Morocco,1998.0,,,,,,
Scotland ,0–3, Morocco,1998.0,,,,,,
Brazil ,1–2, Norway,1998.0,,,,,,
Italy ,2–2, Chile,1998.0,,,,,,
Cameroon ,1–1, Austria,1998.0,,,,,,
Chile ,1–1, Austria,1998.0,,,,,,
Italy ,3–0, Cameroon,1998.0,,,,,,
Italy ,2–1, Austria,1998.0,,,,,,
Chile ,1–1, Cameroon,1998.0,,,,,,
Saudi Arabia ,0–1, Denmark,1998.0,,,,,,
France ,3–0, South Africa,1998.0,,,,,,
South Africa ,1–1, Denmark,1998.0,,,,,,
France ,4–0, Saudi Arabia,1998.0,,,,,,
Brazil ,2–1, Scotland,1998.0,,,,,,
South Africa ,2–2, Saudi Arabia,1998.0,,,,,,
France ,2–1, Denmark,1998.0,,,,,,
Belgium ,1–1, South Korea,1998.0,,,,,,
Netherlands ,2–2, Mexico,1998.0,,,,,,
Netherlands ,5–0, South Korea,1998.0,,,,,,
Belgium ,2–2, Mexico,1998.0,,,,,,
Netherlands ,0–0, Belgium,1998.0,,,,,,
South Korea ,1–3, Mexico,1998.0,,,,,,
Germany ,2–0, United States,1998.0,,,,,,
Nigeria ,1–3, Paraguay,1998.0,,,,,,
Spain ,0–0, Paraguay,1998.0,,,,,,
Nigeria ,1–0, Bulgaria,1998.0,,,,,,
Spain ,2–3, Nigeria,1998.0,,,,,,
Spain ,6–1, Bulgaria,1998.0,,,,,,
Paraguay ,0–0, Bulgaria,1998.0,,,,,,
Germany ,0–2, Brazil,2002.0,,,,,,
Japan ,1–0, Russia,2002.0,,,,,,
Russia ,2–0, Tunisia,2002.0,,,,,,
Japan ,2–2, Belgium,2002.0,,,,,,
Ecuador ,1–0, Croatia,2002.0,,,,,,
Mexico ,1–1, Italy,2002.0,,,,,,
Italy ,1–2, Croatia,2002.0,,,,,,
Tunisia ,1–1, Belgium,2002.0,,,,,,
Italy ,2–0, Ecuador,2002.0,,,,,,
Croatia ,0–1, Mexico,2002.0,,,,,,
Nigeria ,0–0, England,2002.0,,,,,,
Sweden ,1–1, Argentina,2002.0,,,,,,
Argentina ,0–1, England,2002.0,,,,,,
Mexico ,2–1, Ecuador,2002.0,,,,,,
Tunisia ,0–2, Japan,2002.0,,,,,,
Sweden ,1–2 (a.e.t.), Senegal,2002.0,,,,,,
Germany ,1–0, Paraguay,2002.0,,,,,,
Denmark ,0–3, England,2002.0,,,,,,
Spain ,1–1 (a.e.t.), Republic of Ireland,2002.0,,,,,,
Mexico ,0–2, United States,2002.0,,,,,,
Brazil ,2–0, Belgium,2002.0,,,,,,
South Korea ,2–1 (a.e.t.), Italy,2002.0,,,,,,
England ,1–2, Brazil,2002.0,,,,,,
Germany ,1–0, United States,2002.0,,,,,,
Spain ,0–0 (a.e.t.), South Korea,2002.0,,,,,,
Senegal ,0–1 (a.e.t.), Turkey,2002.0,,,,,,
Germany ,1–0, South Korea,2002.0,,,,,,
Brazil ,1–0, Turkey,2002.0,,,,,,
South Korea ,2–3, Turkey,2002.0,,,,,,
Sweden ,2–1, Nigeria,2002.0,,,,,,
Belgium ,3–2, Russia,2002.0,,,,,,
Japan ,0–1, Turkey,2002.0,,,,,,
England ,1–1, Sweden,2002.0,,,,,,
Saudi Arabia ,0–3, Republic of Ireland,2002.0,,,,,,
Argentina ,1–0, Nigeria,2002.0,,,,,,
France ,0–1, Senegal,2002.0,,,,,,
Uruguay ,1–2, Denmark,2002.0,,,,,,
Denmark ,1–1, Senegal,2002.0,,,,,,
France ,0–0, Uruguay,2002.0,,,,,,
Denmark ,2–0, France,2002.0,,,,,,
Senegal ,3–3, Uruguay,2002.0,,,,,,
Paraguay ,2–2, South Africa,2002.0,,,,,,
Spain ,3–1, Paraguay,2002.0,,,,,,
South Africa ,1–0, Slovenia,2002.0,,,,,,
South Africa ,2–3, Spain,2002.0,,,,,,
Slovenia ,1–3, Paraguay,2002.0,,,,,,
Brazil ,2–1, Turkey,2002.0,,,,,,
China ,0–2, Costa Rica,2002.0,,,,,,
Spain ,3–1, Slovenia,2002.0,,,,,,
Costa Rica ,1–1, Turkey,2002.0,,,,,,
Cameroon ,0–2, Germany,2002.0,,,,,,
Brazil ,4–0, China,2002.0,,,,,,
Cameroon ,1–0, Saudi Arabia,2002.0,,,,,,
Germany ,1–1, Republic of Ireland,2002.0,,,,,,
Germany ,8–0, Saudi Arabia,2002.0,,,,,,
Poland ,3–1, United States,2002.0,,,,,,
Portugal ,0–1, South Korea,2002.0,,,,,,
Republic of Ireland ,1–1, Cameroon,2002.0,,,,,,
South Korea ,1–1, United States,2002.0,,,,,,
United States ,3–2, Portugal,2002.0,,,,,,
South Korea ,2–0, Poland,2002.0,,,,,,
Turkey ,3–0, China,2002.0,,,,,,
Costa Rica ,2–5, Brazil,2002.0,,,,,,
Portugal ,4–0, Poland,2002.0,,,,,,
Spain ,3–1, Tunisia,2006.0,,,,,,
Switzerland ,2–0, South Korea,2006.0,,,,,,
Saudi Arabia ,0–4, Ukraine,2006.0,,,,,,
Tunisia ,2–2, Saudi Arabia,2006.0,,,,,,
Spain ,4–0, Ukraine,2006.0,,,,,,
Togo ,0–2, France,2006.0,,,,,,
Japan ,1–4, Brazil,2006.0,,,,,,
Italy ,1–1 (a.e.t.), France,2006.0,,,,,,
France ,1–1, South Korea,2006.0,,,,,,
France ,0–0, Switzerland,2006.0,,,,,,
South Korea ,2–1, Togo,2006.0,,,,,,
Croatia ,2–2, Australia,2006.0,,,,,,
Saudi Arabia ,0–1, Spain,2006.0,,,,,,
Togo ,0–2, Switzerland,2006.0,,,,,,
Ukraine ,1–0, Tunisia,2006.0,,,,,,
Germany ,3–1, Portugal,2006.0,,,,,,
Argentina ,2–1 (a.e.t.), Mexico,2006.0,,,,,,
England ,1–0, Ecuador,2006.0,,,,,,
Portugal ,1–0, Netherlands,2006.0,,,,,,
Italy ,1–0, Australia,2006.0,,,,,,
Switzerland ,0–0 (a.e.t.), Ukraine,2006.0,,,,,,
Brazil ,3–0, Ghana,2006.0,,,,,,
Spain ,1–3, France,2006.0,,,,,,
Germany ,1–1 (a.e.t.), Argentina,2006.0,,,,,,
Italy ,3–0, Ukraine,2006.0,,,,,,
England ,0–0 (a.e.t.), Portugal,2006.0,,,,,,
Brazil ,0–1, France,2006.0,,,,,,
Germany ,0–2 (a.e.t.), Italy,2006.0,,,,,,
Portugal ,0–1, France,2006.0,,,,,,
Brazil ,2–0, Australia,2006.0,,,,,,
Germany ,2–0, Sweden,2006.0,,,,,,
Japan ,0–0, Croatia,2006.0,,,,,,
United States ,0–3, Czech Republic,2006.0,,,,,,
Australia ,3–1, Japan,2006.0,,,,,,
Germany ,4–2, Costa Rica,2006.0,,,,,,
Poland ,0–2, Ecuador,2006.0,,,,,,
Germany ,1–0, Poland,2006.0,,,,,,
Ecuador ,3–0, Costa Rica,2006.0,,,,,,
Ecuador ,0–3, Germany,2006.0,,,,,,
Costa Rica ,1–2, Poland,2006.0,,,,,,
England ,1–0, Paraguay,2006.0,,,,,,
Trinidad and Tobago ,0–0, Sweden,2006.0,,,,,,
England ,2–0, Trinidad and Tobago,2006.0,,,,,,
Sweden ,1–0, Paraguay,2006.0,,,,,,
Sweden ,2–2, England,2006.0,,,,,,
Paraguay ,2–0, Trinidad and Tobago,2006.0,,,,,,
Argentina ,2–1, Ivory Coast,2006.0,,,,,,
Serbia and Montenegro ,0–1, Netherlands,2006.0,,,,,,
Brazil ,1–0, Croatia,2006.0,,,,,,
Netherlands ,2–1, Ivory Coast,2006.0,,,,,,
Ghana ,2–1, United States,2006.0,,,,,,
Czech Republic ,0–2, Italy,2006.0,,,,,,
Italy ,1–1, United States,2006.0,,,,,,
Czech Republic ,0–2, Ghana,2006.0,,,,,,
Argentina ,6–0, Serbia and Montenegro,2006.0,,,,,,
Iran ,1–1, Angola,2006.0,,,,,,
Italy ,2–0, Ghana,2006.0,,,,,,
Portugal ,2–0, Iran,2006.0,,,,,,
Mexico ,0–0, Angola,2006.0,,,,,,
Angola ,0–1, Portugal,2006.0,,,,,,
Mexico ,3–1, Iran,2006.0,,,,,,
Ivory Coast ,3–2, Serbia and Montenegro,2006.0,,,,,,
Netherlands ,0–0, Argentina,2006.0,,,,,,
Portugal ,2–1, Mexico,2006.0,,,,,,
Chile ,1–2, Spain,2010.0,,,,,,
Spain ,2–0, Honduras,2010.0,,,,,,
Chile ,1–0, Switzerland,2010.0,,,,,,
Spain ,0–1, Switzerland,2010.0,,,,,,
Honduras ,0–1, Chile,2010.0,,,,,,
Paraguay ,0–0, New Zealand,2010.0,,,,,,
Portugal ,0–0, Brazil,2010.0,,,,,,
Portugal ,7–0, North Korea,2010.0,,,,,,
Brazil ,3–1, Ivory Coast,2010.0,,,,,,
Brazil ,2–1, North Korea,2010.0,,,,,,
Ivory Coast ,0–0, Portugal,2010.0,,,,,,
Switzerland ,0–0, Honduras,2010.0,,,,,,
North Korea ,0–3, Ivory Coast,2010.0,,,,,,
Uruguay ,2–1, South Korea,2010.0,,,,,,
Netherlands ,2–1, Brazil,2010.0,,,,,,
Germany ,4–1, England,2010.0,,,,,,
Argentina ,3–1, Mexico,2010.0,,,,,,
Netherlands ,2–1, Slovakia,2010.0,,,,,,
Brazil ,3–0, Chile,2010.0,,,,,,
Paraguay ,0–0 (a.e.t.), Japan,2010.0,,,,,,
Spain ,1–0, Portugal,2010.0,,,,,,
Uruguay ,1–1 (a.e.t.), Ghana,2010.0,,,,,,
Argentina ,0–4, Germany,2010.0,,,,,,
Paraguay ,0–1, Spain,2010.0,,,,,,
Uruguay ,2–3, Netherlands,2010.0,,,,,,
Germany ,0–1, Spain,2010.0,,,,,,
Uruguay ,2–3, Germany,2010.0,,,,,,
Netherlands ,0–1 (a.e.t.), Spain,2010.0,,,,,,
Slovakia ,3–2, Italy,2010.0,,,,,,
United States ,1–2 (a.e.t.), Ghana,2010.0,,,,,,
Italy ,1–1, New Zealand,2010.0,,,,,,
Slovakia ,0–2, Paraguay,2010.0,,,,,,
South Africa ,1–1, Mexico,2010.0,,,,,,
New Zealand ,1–1, Slovakia,2010.0,,,,,,
Uruguay ,0–0, France,2010.0,,,,,,
South Africa ,0–3, Uruguay,2010.0,,,,,,
France ,0–2, Mexico,2010.0,,,,,,
Mexico ,0–1, Uruguay,2010.0,,,,,,
France ,1–2, South Africa,2010.0,,,,,,
South Korea ,2–0, Greece,2010.0,,,,,,
Argentina ,1–0, Nigeria,2010.0,,,,,,
Greece ,2–1, Nigeria,2010.0,,,,,,
Nigeria ,2–2, South Korea,2010.0,,,,,,
Greece ,0–2, Argentina,2010.0,,,,,,
England ,1–1, United States,2010.0,,,,,,
Algeria ,0–1, Slovenia,2010.0,,,,,,
Slovenia ,2–2, United States,2010.0,,,,,,
England ,0–0, Algeria,2010.0,,,,,,
Argentina ,4–1, South Korea,2010.0,,,,,,
United States ,1–0, Algeria,2010.0,,,,,,
Slovenia ,0–1, England,2010.0,,,,,,
Cameroon ,1–2, Netherlands,2010.0,,,,,,
Denmark ,1–3, Japan,2010.0,,,,,,
Cameroon ,1–2, Denmark,2010.0,,,,,,
Netherlands ,1–0, Japan,2010.0,,,,,,
Japan ,1–0, Cameroon,2010.0,,,,,,
Netherlands ,2–0, Denmark,2010.0,,,,,,
Italy ,1–1, Paraguay,2010.0,,,,,,
Ghana ,0–1, Germany,2010.0,,,,,,
Ghana ,1–1, Australia,2010.0,,,,,,
Germany ,0–1, Serbia,2010.0,,,,,,
Germany ,4–0, Australia,2010.0,,,,,,
Serbia ,0–1, Ghana,2010.0,,,,,,
Australia ,2–1, Serbia,2010.0,,,,,,
Germany ,1–0 (a.e.t.), Argentina,2014.0,,,,,,
South Korea ,0–1, Belgium,2014.0,,,,,,
South Korea ,2–4, Algeria,2014.0,,,,,,
Belgium ,1–0, Russia,2014.0,,,,,,
Russia ,1–1, South Korea,2014.0,,,,,,
Belgium ,2–1, Algeria,2014.0,,,,,,
Portugal ,2–1, Ghana,2014.0,,,,,,
Germany ,2–2, Ghana,2014.0,,,,,,
United States ,2–2, Portugal,2014.0,,,,,,
Ghana ,1–2, United States,2014.0,,,,,,
Germany ,4–0, Portugal,2014.0,,,,,,
Bosnia and Herzegovina ,3–1, Iran,2014.0,,,,,,
Nigeria ,2–3, Argentina,2014.0,,,,,,
United States ,0–1, Germany,2014.0,,,,,,
Algeria ,1–1, Russia,2014.0,,,,,,
Nigeria ,1–0, Bosnia and Herzegovina,2014.0,,,,,,
Colombia ,2–0, Uruguay,2014.0,,,,,,
Netherlands ,2–1, Mexico,2014.0,,,,,,
Costa Rica ,1–1 (a.e.t.), Greece,2014.0,,,,,,
France ,2–0, Nigeria,2014.0,,,,,,
Germany ,2–1 (a.e.t.), Algeria,2014.0,,,,,,
Argentina ,1–0 (a.e.t.), Switzerland,2014.0,,,,,,
Belgium ,2–1 (a.e.t.), United States,2014.0,,,,,,
France ,0–1, Germany,2014.0,,,,,,
Brazil ,2–1, Colombia,2014.0,,,,,,
Argentina ,1–0, Belgium,2014.0,,,,,,
Netherlands ,0–0 (a.e.t.), Costa Rica,2014.0,,,,,,
Brazil ,1–7, Germany,2014.0,,,,,,
Netherlands ,0–0 (a.e.t.), Argentina,2014.0,,,,,,
Brazil ,0–3, Netherlands,2014.0,,,,,,
Brazil ,1–1 (a.e.t.), Chile,2014.0,,,,,,
Argentina ,1–0, Iran,2014.0,,,,,,
Japan ,1–4, Colombia,2014.0,,,,,,
Argentina ,2–1, Bosnia and Herzegovina,2014.0,,,,,,
Iran ,0–0, Nigeria,2014.0,,,,,,
Brazil ,3–1, Croatia,2014.0,,,,,,
Mexico ,1–0, Cameroon,2014.0,,,,,,
Brazil ,0–0, Mexico,2014.0,,,,,,
Cameroon ,0–4, Croatia,2014.0,,,,,,
Cameroon ,1–4, Brazil,2014.0,,,,,,
Croatia ,1–3, Mexico,2014.0,,,,,,
Spain ,1–5, Netherlands,2014.0,,,,,,
Australia ,2–3, Netherlands,2014.0,,,,,,
Spain ,0–2, Chile,2014.0,,,,,,
Australia ,0–3, Spain,2014.0,,,,,,
Netherlands ,2–0, Chile,2014.0,,,,,,
Colombia ,3–0, Greece,2014.0,,,,,,
Ivory Coast ,2–1, Japan,2014.0,,,,,,
Chile ,3–1, Australia,2014.0,,,,,,
Japan ,0–0, Greece,2014.0,,,,,,
Colombia ,2–1, Ivory Coast,2014.0,,,,,,
Honduras ,0–3, Switzerland,2014.0,,,,,,
Honduras ,1–2, Ecuador,2014.0,,,,,,
Switzerland ,2–5, France,2014.0,,,,,,
France ,3–0, Honduras,2014.0,,,,,,
Costa Rica ,0–0, England,2014.0,,,,,,
Switzerland ,2–1, Ecuador,2014.0,,,,,,
Ecuador ,0–0, France,2014.0,,,,,,
Italy ,0–1, Costa Rica,2014.0,,,,,,
Uruguay ,2–1, England,2014.0,,,,,,
England ,1–2, Italy,2014.0,,,,,,
Uruguay ,1–3, Costa Rica,2014.0,,,,,,
Greece ,2–1, Ivory Coast,2014.0,,,,,,
Italy ,0–1, Uruguay,2014.0,,,,,,
Panama ,1–2, Tunisia,2018.0,,,,,,
Japan ,2–2, Senegal,2018.0,,,,,,
Poland ,1–2, Senegal,2018.0,,,,,,
Colombia ,1–2, Japan,2018.0,,,,,,
England ,0–1, Belgium,2018.0,,,,,,
Germany ,2–1, Sweden,2018.0,,,,,,
Belgium ,5–2, Tunisia,2018.0,,,,,,
Tunisia ,1–2, England,2018.0,,,,,,
Belgium ,3–0, Panama,2018.0,,,,,,
Mexico ,0–3, Sweden,2018.0,,,,,,
South Korea ,2–0, Germany,2018.0,,,,,,
Poland ,0–3, Colombia,2018.0,,,,,,
England ,6–1, Panama,2018.0,,,,,,
Japan ,0–1, Poland,2018.0,,,,,,
Croatia ,2–1 (a.e.t.), England,2018.0,,,,,,
France ,4–3, Argentina,2018.0,,,,,,
Uruguay ,2–1, Portugal,2018.0,,,,,,
Spain ,1–1 (a.e.t.), Russia,2018.0,,,,,,
Croatia ,1–1 (a.e.t.), Denmark,2018.0,,,,,,
Brazil ,2–0, Mexico,2018.0,,,,,,
Belgium ,3–2, Japan,2018.0,,,,,,
Sweden ,1–0, Switzerland,2018.0,,,,,,
Colombia ,1–1 (a.e.t.), England,2018.0,,,,,,
Uruguay ,0–2, France,2018.0,,,,,,
Brazil ,1–2, Belgium,2018.0,,,,,,
Sweden ,0–2, England,2018.0,,,,,,
Russia ,2–2 (a.e.t.), Croatia,2018.0,,,,,,
France ,1–0, Belgium,2018.0,,,,,,
South Korea ,1–2, Mexico,2018.0,,,,,,
Senegal ,0–1, Colombia,2018.0,,,,,,
Sweden ,1–0, South Korea,2018.0,,,,,,
Denmark ,0–0, France,2018.0,,,,,,
Switzerland ,2–2, Costa Rica,2018.0,,,,,,
Belgium ,2–0, England,2018.0,,,,,,
Russia ,5–0, Saudi Arabia,2018.0,,,,,,
Egypt ,0–1, Uruguay,2018.0,,,,,,
Russia ,3–1, Egypt,2018.0,,,,,,
Uruguay ,1–0, Saudi Arabia,2018.0,,,,,,
Uruguay ,3–0, Russia,2018.0,,,,,,
Saudi Arabia ,2–1, Egypt,2018.0,,,,,,
Morocco ,0–1, Iran,2018.0,,,,,,
Portugal ,3–3, Spain,2018.0,,,,,,
Portugal ,1–0, Morocco,2018.0,,,,,,
Iran ,0–1, Spain,2018.0,,,,,,
Iran ,1–1, Portugal,2018.0,,,,,,
Spain ,2–2, Morocco,2018.0,,,,,,
France ,2–1, Australia,2018.0,,,,,,
Peru ,0–1, Denmark,2018.0,,,,,,
Denmark ,1–1, Australia,2018.0,,,,,,
France ,1–0, Peru,2018.0,,,,,,
Australia ,0–2, Peru,2018.0,,,,,,
Argentina ,1–1, Iceland,2018.0,,,,,,
Croatia ,2–0, Nigeria,2018.0,,,,,,
Argentina ,0–3, Croatia,2018.0,,,,,,
Nigeria ,2–0, Iceland,2018.0,,,,,,
Nigeria ,1–2, Argentina,2018.0,,,,,,
Iceland ,1–2, Croatia,2018.0,,,,,,
Costa Rica ,0–1, Serbia,2018.0,,,,,,
Brazil ,1–1, Switzerland,2018.0,,,,,,
Brazil ,2–0, Costa Rica,2018.0,,,,,,
Serbia ,1–2, Switzerland,2018.0,,,,,,
Serbia ,0–2, Brazil,2018.0,,,,,,
Germany ,0–1, Mexico,2018.0,,,,,,
France ,4–2, Croatia,2018.0,,,,,,
,,,,France,Mexico,1930.0,4.0,1.0,5.0
,,,,Paraguay,Belgium,1930.0,1.0,0.0,1.0
,,,,United States,Paraguay,1930.0,3.0,0.0,3.0
,,,,Romania,Peru,1930.0,3.0,1.0,4.0
,,,,Chile,Mexico,1930.0,3.0,0.0,3.0
,,,,Chile,France,1930.0,1.0,0.0,1.0
,,,,United States,Belgium,1930.0,3.0,0.0,3.0
,,,,Uruguay,Romania,1930.0,4.0,0.0,4.0
,,,,Argentina,United States,1930.0,6.0,1.0,7.0
,,,,Argentina,Mexico,1930.0,6.0,3.0,9.0
,,,,Brazil,Bolivia,1930.0,4.0,0.0,4.0
,,,,Yugoslavia,Bolivia,1930.0,4.0,0.0,4.0
,,,,Argentina,France,1930.0,1.0,0.0,1.0
,,,,Uruguay,Yugoslavia,1930.0,6.0,1.0,7.0
,,,,Uruguay,Argentina,1930.0,4.0,2.0,6.0
,,,,Uruguay,Peru,1930.0,1.0,0.0,1.0
,,,,Yugoslavia,Brazil,1930.0,2.0,1.0,3.0
,,,,Argentina,Chile,1930.0,3.0,1.0,4.0
,,,,Czechoslovakia,Romania,1934.0,2.0,1.0,3.0
,,,,Sweden,Argentina,1934.0,3.0,2.0,5.0
,,,,Italy,Austria,1934.0,1.0,0.0,1.0
,,,,Spain,Brazil,1934.0,3.0,1.0,4.0
,,,,Hungary,Egypt,1934.0,4.0,2.0,6.0
,,,,Switzerland,Netherlands,1934.0,3.0,2.0,5.0
,,,,Italy,United States,1934.0,7.0,1.0,8.0
,,,,Czechoslovakia,Switzerland,1934.0,3.0,2.0,5.0
,,,,Czechoslovakia,Germany,1934.0,3.0,1.0,4.0
,,,,Austria,Hungary,1934.0,2.0,1.0,3.0
,,,,Italy,Spain,1934.0,1.0,1.0,2.0
,,,,Germany,Sweden,1934.0,2.0,1.0,3.0
,,,,Italy,Spain,1934.0,1.0,0.0,1.0
,,,,Germany,Austria,1934.0,3.0,2.0,5.0
,,,,Italy,Czechoslovakia,1934.0,2.0,1.0,3.0
,,,,Germany,Belgium,1934.0,5.0,2.0,7.0
,,,,Austria,France,1934.0,3.0,2.0,5.0
,,,,Brazil,Czechoslovakia,1938.0,1.0,1.0,2.0
,,,,Brazil,Poland,1938.0,6.0,5.0,11.0
,,,,Italy,Brazil,1938.0,2.0,1.0,3.0
,,,,Cuba,Romania,1938.0,2.0,1.0,3.0
,,,,Brazil,Sweden,1938.0,4.0,2.0,6.0
,,,,Hungary,Switzerland,1938.0,2.0,0.0,2.0
,,,,Hungary,Sweden,1938.0,5.0,1.0,6.0
,,,,Sweden,Cuba,1938.0,8.0,0.0,8.0
,,,,Brazil,Czechoslovakia,1938.0,2.0,1.0,3.0
,,,,Switzerland,Germany,1938.0,4.0,2.0,6.0
,,,,France,Belgium,1938.0,3.0,1.0,4.0
,,,,Cuba,Romania,1938.0,3.0,3.0,6.0
,,,,Italy,Hungary,1938.0,4.0,2.0,6.0
,,,,Switzerland,Germany,1938.0,1.0,1.0,2.0
,,,,Czechoslovakia,Netherlands,1938.0,3.0,0.0,3.0
,,,,Hungary,Dutch East Indies,1938.0,6.0,0.0,6.0
,,,,Italy,France,1938.0,3.0,1.0,4.0
,,,,Italy,Norway,1938.0,2.0,1.0,3.0
,,,,Italy,Paraguay,1950.0,2.0,0.0,2.0
,,,,Uruguay,Bolivia,1950.0,8.0,0.0,8.0
,,,,Chile,United States,1950.0,5.0,2.0,7.0
,,,,Sweden,Italy,1950.0,3.0,2.0,5.0
,,,,Brazil,Sweden,1950.0,7.0,1.0,8.0
,,,,England,Chile,1950.0,2.0,0.0,2.0
,,,,Brazil,Spain,1950.0,6.0,1.0,7.0
,,,,Uruguay,Sweden,1950.0,3.0,2.0,5.0
,,,,Yugoslavia,Switzerland,1950.0,3.0,0.0,3.0
,,,,Sweden,Paraguay,1950.0,2.0,2.0,4.0
,,,,Uruguay,Spain,1950.0,2.0,2.0,4.0
,,,,Sweden,Spain,1950.0,3.0,1.0,4.0
,,,,Brazil,Mexico,1950.0,4.0,0.0,4.0
,,,,Spain,United States,1950.0,3.0,1.0,4.0
,,,,Brazil,Yugoslavia,1950.0,2.0,0.0,2.0
,,,,Uruguay,Brazil,1950.0,2.0,1.0,3.0
,,,,United States,England,1950.0,1.0,0.0,1.0
,,,,Spain,Chile,1950.0,2.0,0.0,2.0
,,,,Spain,England,1950.0,1.0,0.0,1.0
,,,,Yugoslavia,Mexico,1950.0,4.0,1.0,5.0
,,,,Brazil,Switzerland,1950.0,2.0,2.0,4.0
,,,,Switzerland,Mexico,1950.0,2.0,1.0,3.0
,,,,West Germany,Turkey,1954.0,4.0,1.0,5.0
,,,,Yugoslavia,France,1954.0,1.0,0.0,1.0
,,,,Brazil,Mexico,1954.0,5.0,0.0,5.0
,,,,France,Mexico,1954.0,3.0,2.0,5.0
,,,,West Germany,Turkey,1954.0,7.0,2.0,9.0
,,,,Turkey,South Korea,1954.0,7.0,0.0,7.0
,,,,Austria,Czechoslovakia,1954.0,5.0,0.0,5.0
,,,,Uruguay,Scotland,1954.0,7.0,0.0,7.0
,,,,Brazil,Yugoslavia,1954.0,1.0,1.0,2.0
,,,,Austria,Scotland,1954.0,1.0,0.0,1.0
,,,,Uruguay,Czechoslovakia,1954.0,2.0,0.0,2.0
,,,,Switzerland,Italy,1954.0,2.0,1.0,3.0
,,,,Hungary,South Korea,1954.0,9.0,0.0,9.0
,,,,Italy,Belgium,1954.0,4.0,1.0,5.0
,,,,West Germany,Hungary,1954.0,3.0,2.0,5.0
,,,,Hungary,West Germany,1954.0,8.0,3.0,11.0
,,,,Hungary,Uruguay,1954.0,4.0,2.0,6.0
,,,,Austria,Uruguay,1954.0,3.0,1.0,4.0
,,,,England,Switzerland,1954.0,2.0,0.0,2.0
,,,,West Germany,Austria,1954.0,6.0,1.0,7.0
,,,,Austria,Switzerland,1954.0,7.0,5.0,12.0
,,,,Uruguay,England,1954.0,4.0,2.0,6.0
,,,,England,Belgium,1954.0,4.0,4.0,8.0
,,,,Switzerland,Italy,1954.0,4.0,1.0,5.0
,,,,West Germany,Yugoslavia,1954.0,2.0,0.0,2.0
,,,,Hungary,Brazil,1954.0,4.0,2.0,6.0
,,,,Sweden,Wales,1958.0,0.0,0.0,0.0
,,,,West Germany,Yugoslavia,1958.0,1.0,0.0,1.0
,,,,Soviet Union,England,1958.0,1.0,0.0,1.0
,,,,Brazil,Austria,1958.0,3.0,0.0,3.0
,,,,Soviet Union,England,1958.0,2.0,2.0,4.0
,,,,Brazil,England,1958.0,0.0,0.0,0.0
,,,,Sweden,West Germany,1958.0,3.0,1.0,4.0
,,,,Northern Ireland,Czechoslovakia,1958.0,1.0,0.0,1.0
,,,,Sweden,Soviet Union,1958.0,2.0,0.0,2.0
,,,,Yugoslavia,France,1958.0,3.0,2.0,5.0
,,,,Brazil,Wales,1958.0,1.0,0.0,1.0
,,,,West Germany,Czechoslovakia,1958.0,2.0,2.0,4.0
,,,,France,Scotland,1958.0,2.0,1.0,3.0
,,,,Sweden,Mexico,1958.0,3.0,0.0,3.0
,,,,Argentina,West Germany,1958.0,1.0,3.0,4.0
,,,,Yugoslavia,Scotland,1958.0,1.0,1.0,2.0
,,,,Sweden,Hungary,1958.0,2.0,1.0,3.0
,,,,Paraguay,Scotland,1958.0,3.0,2.0,5.0
,,,,Hungary,Wales,1958.0,1.0,1.0,2.0
,,,,Paraguay,Yugoslavia,1958.0,3.0,3.0,6.0
,,,,Wales,Hungary,1958.0,2.0,1.0,3.0
,,,,France,Paraguay,1958.0,7.0,3.0,10.0
,,,,Northern Ireland,Czechoslovakia,1958.0,2.0,1.0,3.0
,,,,Czechoslovakia,Argentina,1958.0,6.0,1.0,7.0
,,,,West Germany,Northern Ireland,1958.0,2.0,2.0,4.0
,,,,Mexico,Wales,1958.0,1.0,1.0,2.0
,,,,Argentina,Northern Ireland,1958.0,3.0,1.0,4.0
,,,,Hungary,Mexico,1958.0,4.0,0.0,4.0
,,,,France,West Germany,1958.0,6.0,3.0,9.0
,,,,Soviet Union,Austria,1958.0,2.0,0.0,2.0
,,,,Brazil,France,1958.0,5.0,2.0,7.0
,,,,France,Northern Ireland,1958.0,4.0,0.0,4.0
,,,,Brazil,Sweden,1958.0,5.0,2.0,7.0
,,,,England,Austria,1958.0,2.0,2.0,4.0
,,,,Brazil,Soviet Union,1958.0,2.0,0.0,2.0
,,,,Yugoslavia,West Germany,1962.0,1.0,0.0,1.0
,,,,Czechoslovakia,Yugoslavia,1962.0,3.0,1.0,4.0
,,,,Chile,Yugoslavia,1962.0,1.0,0.0,1.0
,,,,Hungary,England,1962.0,2.0,1.0,3.0
,,,,England,Argentina,1962.0,3.0,1.0,4.0
,,,,Hungary,Bulgaria,1962.0,6.0,1.0,7.0
,,,,Hungary,Argentina,1962.0,0.0,0.0,0.0
,,,,Czechoslovakia,Hungary,1962.0,1.0,0.0,1.0
,,,,Brazil,Chile,1962.0,4.0,2.0,6.0
,,,,Brazil,Czechoslovakia,1962.0,3.0,1.0,4.0
,,,,England,Bulgaria,1962.0,0.0,0.0,0.0
,,,,Soviet Union,Yugoslavia,1962.0,2.0,0.0,2.0
,,,,Chile,Soviet Union,1962.0,2.0,1.0,3.0
,,,,Yugoslavia,Uruguay,1962.0,3.0,1.0,4.0
,,,,Argentina,Bulgaria,1962.0,1.0,0.0,1.0
,,,,Brazil,England,1962.0,3.0,1.0,4.0
,,,,Brazil,Spain,1962.0,2.0,1.0,3.0
,,,,West Germany,Switzerland,1962.0,2.0,1.0,3.0
,,,,West Germany,Chile,1962.0,2.0,0.0,2.0
,,,,Italy,Switzerland,1962.0,3.0,0.0,3.0
,,,,Czechoslovakia,Spain,1962.0,1.0,0.0,1.0
,,,,Uruguay,Colombia,1962.0,2.0,1.0,3.0
,,,,Soviet Union,Colombia,1962.0,4.0,4.0,8.0
,,,,Soviet Union,Uruguay,1962.0,2.0,1.0,3.0
,,,,Spain,Mexico,1962.0,1.0,0.0,1.0
,,,,Chile,Italy,1962.0,2.0,0.0,2.0
,,,,Brazil,Mexico,1962.0,2.0,0.0,2.0
,,,,Yugoslavia,Colombia,1962.0,5.0,0.0,5.0
,,,,Brazil,Czechoslovakia,1962.0,0.0,0.0,0.0
,,,,Chile,Switzerland,1962.0,3.0,1.0,4.0
,,,,Mexico,Czechoslovakia,1962.0,3.0,1.0,4.0
,,,,West Germany,Italy,1962.0,0.0,0.0,0.0
,,,,France,Mexico,1966.0,1.0,1.0,2.0
,,,,Hungary,Brazil,1966.0,3.0,1.0,4.0
,,,,Portugal,Brazil,1966.0,3.0,1.0,4.0
,,,,Brazil,Bulgaria,1966.0,2.0,0.0,2.0
,,,,Portugal,Bulgaria,1966.0,3.0,0.0,3.0
,,,,Portugal,Hungary,1966.0,3.0,1.0,4.0
,,,,West Germany,Spain,1966.0,2.0,1.0,3.0
,,,,Argentina,Spain,1966.0,2.0,1.0,3.0
,,,,West Germany,Switzerland,1966.0,5.0,0.0,5.0
,,,,England,France,1966.0,2.0,0.0,2.0
,,,,Mexico,Uruguay,1966.0,0.0,0.0,0.0
,,,,England,Uruguay,1966.0,0.0,0.0,0.0
,,,,Uruguay,France,1966.0,2.0,1.0,3.0
,,,,Argentina,West Germany,1966.0,0.0,0.0,0.0
,,,,Spain,Switzerland,1966.0,2.0,1.0,3.0
,,,,Argentina,Switzerland,1966.0,2.0,0.0,2.0
,,,,Portugal,North Korea,1966.0,5.0,3.0,8.0
,,,,Soviet Union,Hungary,1966.0,2.0,1.0,3.0
,,,,Soviet Union,North Korea,1966.0,3.0,0.0,3.0
,,,,Hungary,Bulgaria,1966.0,3.0,1.0,4.0
,,,,England,West Germany,1966.0,4.0,2.0,6.0
,,,,Italy,Chile,1966.0,2.0,0.0,2.0
,,,,England,Mexico,1966.0,2.0,0.0,2.0
,,,,Portugal,Soviet Union,1966.0,2.0,1.0,3.0
,,,,England,Portugal,1966.0,2.0,1.0,3.0
,,,,England,Argentina,1966.0,1.0,0.0,1.0
,,,,West Germany,Uruguay,1966.0,4.0,0.0,4.0
,,,,Soviet Union,Chile,1966.0,2.0,1.0,3.0
,,,,North Korea,Italy,1966.0,1.0,0.0,1.0
,,,,Soviet Union,Italy,1966.0,1.0,0.0,1.0
,,,,Chile,North Korea,1966.0,1.0,1.0,2.0
,,,,West Germany,Soviet Union,1966.0,2.0,1.0,3.0
,,,,Brazil,Romania,1970.0,3.0,2.0,5.0
,,,,England,Czechoslovakia,1970.0,1.0,0.0,1.0
,,,,West Germany,Morocco,1970.0,2.0,1.0,3.0
,,,,Peru,Morocco,1970.0,3.0,0.0,3.0
,,,,Italy,Mexico,1970.0,4.0,1.0,5.0
,,,,West Germany,Bulgaria,1970.0,5.0,2.0,7.0
,,,,Bulgaria,Morocco,1970.0,1.0,1.0,2.0
,,,,Soviet Union,Uruguay,1970.0,0.0,1.0,1.0
,,,,Brazil,Italy,1970.0,4.0,1.0,5.0
,,,,Brazil,Peru,1970.0,4.0,2.0,6.0
,,,,West Germany,England,1970.0,3.0,2.0,5.0
,,,,Uruguay,Brazil,1970.0,1.0,3.0,4.0
,,,,Italy,West Germany,1970.0,4.0,3.0,7.0
,,,,Uruguay,West Germany,1970.0,0.0,1.0,1.0
,,,,Brazil,England,1970.0,1.0,0.0,1.0
,,,,Peru,Bulgaria,1970.0,3.0,2.0,5.0
,,,,Brazil,Czechoslovakia,1970.0,4.0,1.0,5.0
,,,,Italy,Sweden,1970.0,1.0,0.0,1.0
,,,,Romania,Czechoslovakia,1970.0,2.0,1.0,3.0
,,,,Soviet Union,Belgium,1970.0,4.0,1.0,5.0
,,,,Mexico,El Salvador,1970.0,4.0,0.0,4.0
,,,,Soviet Union,El Salvador,1970.0,2.0,0.0,2.0
,,,,Mexico,Belgium,1970.0,1.0,0.0,1.0
,,,,Belgium,El Salvador,1970.0,3.0,0.0,3.0
,,,,Uruguay,Israel,1970.0,2.0,0.0,2.0
,,,,England,Romania,1970.0,1.0,0.0,1.0
,,,,Uruguay,Italy,1970.0,0.0,0.0,0.0
,,,,Sweden,Uruguay,1970.0,1.0,0.0,1.0
,,,,Mexico,Soviet Union,1970.0,0.0,0.0,0.0
,,,,Sweden,Israel,1970.0,1.0,1.0,2.0
,,,,Italy,Israel,1970.0,0.0,0.0,0.0
,,,,West Germany,Peru,1970.0,3.0,1.0,4.0
,,,,Argentina,Italy,1974.0,1.0,1.0,2.0
,,,,East Germany,Netherlands,1974.0,0.0,2.0,2.0
,,,,Netherlands,Brazil,1974.0,2.0,0.0,2.0
,,,,Sweden,Poland,1974.0,0.0,1.0,1.0
,,,,Sweden,Uruguay,1974.0,3.0,0.0,3.0
,,,,Brazil,Poland,1974.0,0.0,1.0,1.0
,,,,Italy,Haiti,1974.0,3.0,1.0,4.0
,,,,East Germany,West Germany,1974.0,1.0,0.0,1.0
,,,,Australia,West Germany,1974.0,0.0,3.0,3.0
,,,,Poland,Italy,1974.0,2.0,1.0,3.0
,,,,Yugoslavia,West Germany,1974.0,0.0,2.0,2.0
,,,,Brazil,East Germany,1974.0,1.0,0.0,1.0
,,,,Poland,Argentina,1974.0,3.0,2.0,5.0
,,,,Netherlands,Argentina,1974.0,4.0,0.0,4.0
,,,,Argentina,Brazil,1974.0,1.0,2.0,3.0
,,,,Zaire,Scotland,1974.0,0.0,2.0,2.0
,,,,Argentina,East Germany,1974.0,1.0,1.0,2.0
,,,,Netherlands,Sweden,1974.0,0.0,0.0,0.0
,,,,Bulgaria,Netherlands,1974.0,1.0,4.0,5.0
,,,,Sweden,Bulgaria,1974.0,0.0,0.0,0.0
,,,,Bulgaria,Uruguay,1974.0,1.0,1.0,2.0
,,,,Poland,Yugoslavia,1974.0,2.0,1.0,3.0
,,,,Scotland,Brazil,1974.0,0.0,0.0,0.0
,,,,Scotland,Yugoslavia,1974.0,1.0,1.0,2.0
,,,,Zaire,Brazil,1974.0,0.0,3.0,3.0
,,,,East Germany,Australia,1974.0,2.0,0.0,2.0
,,,,West Germany,Chile,1974.0,1.0,0.0,1.0
,,,,Sweden,Yugoslavia,1974.0,2.0,1.0,3.0
,,,,Chile,East Germany,1974.0,1.0,1.0,2.0
,,,,Australia,Chile,1974.0,0.0,0.0,0.0
,,,,Netherlands,West Germany,1974.0,1.0,2.0,3.0
,,,,Haiti,Poland,1974.0,0.0,7.0,7.0
,,,,Brazil,Yugoslavia,1974.0,0.0,0.0,0.0
,,,,Yugoslavia,Zaire,1974.0,9.0,0.0,9.0
,,,,Uruguay,Netherlands,1974.0,0.0,2.0,2.0
,,,,West Germany,Sweden,1974.0,4.0,2.0,6.0
,,,,Poland,West Germany,1974.0,0.0,1.0,1.0
,,,,Argentina,Haiti,1974.0,4.0,1.0,5.0
,,,,Brazil,Peru,1978.0,3.0,0.0,3.0
,,,,Argentina,Netherlands,1978.0,3.0,1.0,4.0
,,,,Argentina,Peru,1978.0,6.0,0.0,6.0
,,,,Argentina,Brazil,1978.0,0.0,0.0,0.0
,,,,Brazil,Poland,1978.0,3.0,1.0,4.0
,,,,Brazil,Italy,1978.0,2.0,1.0,3.0
,,,,Peru,Poland,1978.0,0.0,1.0,1.0
,,,,West Germany,Tunisia,1978.0,0.0,0.0,0.0
,,,,Italy,Netherlands,1978.0,1.0,2.0,3.0
,,,,Peru,Iran,1978.0,4.0,1.0,5.0
,,,,Netherlands,Peru,1978.0,0.0,0.0,0.0
,,,,Poland,Tunisia,1978.0,1.0,0.0,1.0
,,,,Austria,Netherlands,1978.0,1.0,5.0,6.0
,,,,Italy,West Germany,1978.0,0.0,0.0,0.0
,,,,Scotland,Netherlands,1978.0,3.0,2.0,5.0
,,,,Netherlands,West Germany,1978.0,2.0,2.0,4.0
,,,,Italy,Austria,1978.0,1.0,0.0,1.0
,,,,Austria,West Germany,1978.0,3.0,2.0,5.0
,,,,Argentina,Poland,1978.0,2.0,0.0,2.0
,,,,Spain,Sweden,1978.0,1.0,0.0,1.0
,,,,West Germany,Mexico,1978.0,6.0,0.0,6.0
,,,,Austria,Sweden,1978.0,1.0,0.0,1.0
,,,,Italy,Hungary,1978.0,3.0,1.0,4.0
,,,,Brazil,Austria,1978.0,1.0,0.0,1.0
,,,,Poland,Mexico,1978.0,3.0,1.0,4.0
,,,,Netherlands,Iran,1978.0,3.0,0.0,3.0
,,,,Peru,Scotland,1978.0,3.0,1.0,4.0
,,,,Brazil,Spain,1978.0,0.0,0.0,0.0
,,,,Brazil,Sweden,1978.0,1.0,1.0,2.0
,,,,Argentina,France,1978.0,2.0,1.0,3.0
,,,,Tunisia,Mexico,1978.0,3.0,1.0,4.0
,,,,Austria,Spain,1978.0,2.0,1.0,3.0
,,,,France,Hungary,1978.0,3.0,1.0,4.0
,,,,Italy,France,1978.0,2.0,1.0,3.0
,,,,Argentina,Italy,1978.0,0.0,1.0,1.0
,,,,Argentina,Hungary,1978.0,2.0,1.0,3.0
,,,,West Germany,Poland,1978.0,0.0,0.0,0.0
,,,,Scotland,Iran,1978.0,1.0,1.0,2.0
,,,,Soviet Union,Scotland,1982.0,2.0,2.0,4.0
,,,,Argentina,Belgium,1982.0,0.0,1.0,1.0
,,,,Argentina,Hungary,1982.0,4.0,1.0,5.0
,,,,Hungary,El Salvador,1982.0,10.0,1.0,11.0
,,,,Italy,West Germany,1982.0,3.0,1.0,4.0
,,,,Italy,Argentina,1982.0,2.0,1.0,3.0
,,,,Soviet Union,New Zealand,1982.0,3.0,0.0,3.0
,,,,Brazil,New Zealand,1982.0,4.0,0.0,4.0
,,,,Poland,France,1982.0,3.0,2.0,5.0
,,,,West Germany,Austria,1982.0,1.0,0.0,1.0
,,,,Belgium,Hungary,1982.0,1.0,1.0,2.0
,,,,Poland,Belgium,1982.0,3.0,0.0,3.0
,,,,Spain,England,1982.0,0.0,0.0,0.0
,,,,Argentina,Brazil,1982.0,1.0,3.0,4.0
,,,,Italy,Brazil,1982.0,3.0,2.0,5.0
,,,,Algeria,Austria,1982.0,0.0,2.0,2.0
,,,,Belgium,Soviet Union,1982.0,0.0,1.0,1.0
,,,,Algeria,Chile,1982.0,3.0,2.0,5.0
,,,,Austria,France,1982.0,0.0,1.0,1.0
,,,,West Germany,Spain,1982.0,2.0,1.0,3.0
,,,,West Germany,England,1982.0,0.0,0.0,0.0
,,,,Soviet Union,Poland,1982.0,0.0,0.0,0.0
,,,,Austria,Northern Ireland,1982.0,2.0,2.0,4.0
,,,,France,Northern Ireland,1982.0,4.0,1.0,5.0
,,,,Poland,Italy,1982.0,0.0,2.0,2.0
,,,,Poland,Peru,1982.0,5.0,1.0,6.0
,,,,Italy,Peru,1982.0,1.0,1.0,2.0
,,,,Argentina,El Salvador,1982.0,2.0,0.0,2.0
,,,,Yugoslavia,Northern Ireland,1982.0,0.0,0.0,0.0
,,,,Spain,Honduras,1982.0,1.0,1.0,2.0
,,,,France,Czechoslovakia,1982.0,1.0,1.0,2.0
,,,,France,Kuwait,1982.0,4.0,1.0,5.0
,,,,Czechoslovakia,Kuwait,1982.0,1.0,1.0,2.0
,,,,England,Czechoslovakia,1982.0,2.0,0.0,2.0
,,,,England,France,1982.0,3.0,1.0,4.0
,,,,Scotland,New Zealand,1982.0,5.0,2.0,7.0
,,,,Honduras,Northern Ireland,1982.0,1.0,1.0,2.0
,,,,Honduras,Yugoslavia,1982.0,0.0,1.0,1.0
,,,,Poland,Cameroon,1982.0,0.0,0.0,0.0
,,,,Belgium,El Salvador,1982.0,1.0,0.0,1.0
,,,,Brazil,Scotland,1982.0,4.0,1.0,5.0
,,,,Italy,Poland,1982.0,0.0,0.0,0.0
,,,,West Germany,Chile,1982.0,4.0,1.0,5.0
,,,,West Germany,Algeria,1982.0,1.0,2.0,3.0
,,,,Italy,Cameroon,1982.0,1.0,1.0,2.0
,,,,Peru,Cameroon,1982.0,0.0,0.0,0.0
,,,,Chile,Austria,1982.0,0.0,1.0,1.0
,,,,Spain,Yugoslavia,1982.0,2.0,1.0,3.0
,,,,England,Kuwait,1982.0,1.0,0.0,1.0
,,,,Brazil,Soviet Union,1982.0,2.0,1.0,3.0
,,,,Spain,Northern Ireland,1982.0,0.0,1.0,1.0
,,,,Algeria,Northern Ireland,1986.0,1.0,1.0,2.0
,,,,Soviet Union,Canada,1986.0,2.0,0.0,2.0
,,,,Brazil,Algeria,1986.0,1.0,0.0,1.0
,,,,Soviet Union,Belgium,1986.0,3.0,4.0,7.0
,,,,Poland,Portugal,1986.0,1.0,0.0,1.0
,,,,Algeria,Spain,1986.0,0.0,3.0,3.0
,,,,Scotland,Denmark,1986.0,0.0,1.0,1.0
,,,,Denmark,West Germany,1986.0,2.0,0.0,2.0
,,,,Uruguay,West Germany,1986.0,1.0,1.0,2.0
,,,,Argentina,Uruguay,1986.0,1.0,0.0,1.0
,,,,England,Poland,1986.0,3.0,0.0,3.0
,,,,Scotland,Uruguay,1986.0,0.0,0.0,0.0
,,,,Northern Ireland,Brazil,1986.0,0.0,3.0,3.0
,,,,Northern Ireland,Spain,1986.0,1.0,2.0,3.0
,,,,France,Soviet Union,1986.0,1.0,1.0,2.0
,,,,Mexico,Bulgaria,1986.0,2.0,0.0,2.0
,,,,Bulgaria,Italy,1986.0,1.0,1.0,2.0
,,,,England,Morocco,1986.0,0.0,0.0,0.0
,,,,Hungary,Canada,1986.0,2.0,0.0,2.0
,,,,Hungary,France,1986.0,0.0,3.0,3.0
,,,,Portugal,Morocco,1986.0,1.0,3.0,4.0
,,,,Brazil,Poland,1986.0,4.0,0.0,4.0
,,,,Portugal,England,1986.0,1.0,0.0,1.0
,,,,Denmark,Uruguay,1986.0,6.0,1.0,7.0
,,,,Spain,Brazil,1986.0,0.0,1.0,1.0
,,,,West Germany,Scotland,1986.0,2.0,1.0,3.0
,,,,Argentina,West Germany,1986.0,3.0,2.0,5.0
,,,,Argentina,Bulgaria,1986.0,2.0,0.0,2.0
,,,,Spain,Belgium,1986.0,1.0,1.0,2.0
,,,,Argentina,England,1986.0,2.0,1.0,3.0
,,,,France,West Germany,1986.0,0.0,2.0,2.0
,,,,West Germany,Mexico,1986.0,0.0,0.0,0.0
,,,,Belgium,Mexico,1986.0,1.0,2.0,3.0
,,,,Iraq,Belgium,1986.0,1.0,2.0,3.0
,,,,England,Paraguay,1986.0,3.0,0.0,3.0
,,,,Italy,Argentina,1986.0,1.0,1.0,2.0
,,,,Argentina,South Korea,1986.0,3.0,1.0,4.0
,,,,Argentina,Belgium,1986.0,2.0,0.0,2.0
,,,,Morocco,West Germany,1986.0,0.0,1.0,1.0
,,,,Morocco,Poland,1986.0,0.0,0.0,0.0
,,,,Denmark,Spain,1986.0,1.0,5.0,6.0
,,,,Soviet Union,Hungary,1986.0,6.0,0.0,6.0
,,,,South Korea,Bulgaria,1986.0,1.0,1.0,2.0
,,,,Mexico,Paraguay,1986.0,1.0,1.0,2.0
,,,,Brazil,France,1986.0,1.0,1.0,2.0
,,,,South Korea,Italy,1986.0,2.0,3.0,5.0
,,,,Iraq,Mexico,1986.0,0.0,1.0,1.0
,,,,Canada,France,1986.0,0.0,1.0,1.0
,,,,Paraguay,Iraq,1986.0,1.0,0.0,1.0
,,,,Italy,France,1986.0,0.0,2.0,2.0
,,,,Belgium,France,1986.0,2.0,4.0,6.0
,,,,Paraguay,Belgium,1986.0,2.0,2.0,4.0
,,,,Czechoslovakia,West Germany,1990.0,0.0,1.0,1.0
,,,,Czechoslovakia,Costa Rica,1990.0,4.0,1.0,5.0
,,,,Cameroon,Colombia,1990.0,2.0,1.0,3.0
,,,,West Germany,Netherlands,1990.0,2.0,1.0,3.0
,,,,Italy,Uruguay,1990.0,2.0,0.0,2.0
,,,,Republic of Ireland,Italy,1990.0,0.0,1.0,1.0
,,,,Cameroon,England,1990.0,2.0,3.0,5.0
,,,,England,Netherlands,1990.0,0.0,0.0,0.0
,,,,Italy,Austria,1990.0,1.0,0.0,1.0
,,,,Republic of Ireland,Egypt,1990.0,0.0,0.0,0.0
,,,,England,Belgium,1990.0,1.0,0.0,1.0
,,,,England,Egypt,1990.0,1.0,0.0,1.0
,,,,Soviet Union,Romania,1990.0,0.0,2.0,2.0
,,,,South Korea,Uruguay,1990.0,0.0,1.0,1.0
,,,,Sweden,Costa Rica,1990.0,1.0,2.0,3.0
,,,,England,Republic of Ireland,1990.0,1.0,1.0,2.0
,,,,Brazil,Argentina,1990.0,0.0,1.0,1.0
,,,,Netherlands,Egypt,1990.0,1.0,1.0,2.0
,,,,Republic of Ireland,Netherlands,1990.0,1.0,1.0,2.0
,,,,Argentina,Yugoslavia,1990.0,0.0,0.0,0.0
,,,,South Korea,Spain,1990.0,1.0,3.0,4.0
,,,,United States,Czechoslovakia,1990.0,1.0,5.0,6.0
,,,,Belgium,Spain,1990.0,1.0,2.0,3.0
,,,,Spain,Yugoslavia,1990.0,1.0,2.0,3.0
,,,,Belgium,Uruguay,1990.0,3.0,1.0,4.0
,,,,West Germany,England,1990.0,1.0,1.0,2.0
,,,,Belgium,South Korea,1990.0,2.0,0.0,2.0
,,,,Brazil,Sweden,1990.0,2.0,1.0,3.0
,,,,Austria,United States,1990.0,2.0,1.0,3.0
,,,,Brazil,Costa Rica,1990.0,1.0,0.0,1.0
,,,,West Germany,Argentina,1990.0,1.0,0.0,1.0
,,,,Republic of Ireland,Romania,1990.0,0.0,0.0,0.0
,,,,United Arab Emirates,Colombia,1990.0,0.0,2.0,2.0
,,,,Yugoslavia,Colombia,1990.0,1.0,0.0,1.0
,,,,West Germany,Colombia,1990.0,1.0,1.0,2.0
,,,,Sweden,Scotland,1990.0,1.0,2.0,3.0
,,,,Italy,England,1990.0,2.0,1.0,3.0
,,,,Cameroon,Soviet Union,1990.0,0.0,4.0,4.0
,,,,West Germany,Yugoslavia,1990.0,4.0,1.0,5.0
,,,,Argentina,Italy,1990.0,1.0,1.0,2.0
,,,,Argentina,Romania,1990.0,1.0,1.0,2.0
,,,,West Germany,United Arab Emirates,1990.0,5.0,1.0,6.0
,,,,Austria,Czechoslovakia,1990.0,0.0,1.0,1.0
,,,,Yugoslavia,United Arab Emirates,1990.0,4.0,1.0,5.0
,,,,Italy,Czechoslovakia,1990.0,2.0,0.0,2.0
,,,,Uruguay,Spain,1990.0,0.0,0.0,0.0
,,,,Argentina,Cameroon,1990.0,0.0,1.0,1.0
,,,,Costa Rica,Scotland,1990.0,1.0,0.0,1.0
,,,,Argentina,Soviet Union,1990.0,2.0,0.0,2.0
,,,,Brazil,Scotland,1990.0,1.0,0.0,1.0
,,,,Cameroon,Romania,1990.0,2.0,1.0,3.0
,,,,Italy,United States,1990.0,1.0,0.0,1.0
,,,,Spain,Switzerland,1994.0,3.0,0.0,3.0
,,,,Bulgaria,Italy,1994.0,1.0,2.0,3.0
,,,,Saudi Arabia,Sweden,1994.0,1.0,3.0,4.0
,,,,Morocco,Netherlands,1994.0,1.0,2.0,3.0
,,,,Netherlands,Brazil,1994.0,2.0,3.0,5.0
,,,,United States,Colombia,1994.0,2.0,1.0,3.0
,,,,Belgium,Netherlands,1994.0,1.0,0.0,1.0
,,,,Belgium,Morocco,1994.0,1.0,0.0,1.0
,,,,Romania,Switzerland,1994.0,1.0,4.0,5.0
,,,,Sweden,Brazil,1994.0,0.0,1.0,1.0
,,,,Switzerland,Colombia,1994.0,0.0,2.0,2.0
,,,,Saudi Arabia,Morocco,1994.0,2.0,1.0,3.0
,,,,Netherlands,Republic of Ireland,1994.0,2.0,0.0,2.0
,,,,Romania,Argentina,1994.0,3.0,2.0,5.0
,,,,Mexico,Bulgaria,1994.0,1.0,1.0,2.0
,,,,Nigeria,Italy,1994.0,1.0,2.0,3.0
,,,,Brazil,Italy,1994.0,0.0,0.0,0.0
,,,,Belgium,Saudi Arabia,1994.0,0.0,1.0,1.0
,,,,Romania,Sweden,1994.0,2.0,2.0,4.0
,,,,Italy,Spain,1994.0,2.0,1.0,3.0
,,,,Bulgaria,Germany,1994.0,2.0,1.0,3.0
,,,,Sweden,Bulgaria,1994.0,4.0,0.0,4.0
,,,,Germany,Belgium,1994.0,3.0,2.0,5.0
,,,,Brazil,United States,1994.0,1.0,0.0,1.0
,,,,Netherlands,Saudi Arabia,1994.0,2.0,1.0,3.0
,,,,United States,Romania,1994.0,0.0,1.0,1.0
,,,,United States,Switzerland,1994.0,1.0,1.0,2.0
,,,,Sweden,Russia,1994.0,3.0,1.0,4.0
,,,,Spain,South Korea,1994.0,2.0,2.0,4.0
,,,,Nigeria,Bulgaria,1994.0,3.0,0.0,3.0
,,,,Germany,Spain,1994.0,1.0,1.0,2.0
,,,,Germany,Bolivia,1994.0,1.0,0.0,1.0
,,,,Mexico,Republic of Ireland,1994.0,2.0,1.0,3.0
,,,,Italy,Republic of Ireland,1994.0,0.0,1.0,1.0
,,,,Brazil,Cameroon,1994.0,3.0,0.0,3.0
,,,,Cameroon,Sweden,1994.0,2.0,2.0,4.0
,,,,Greece,Nigeria,1994.0,0.0,2.0,2.0
,,,,Brazil,Russia,1994.0,2.0,0.0,2.0
,,,,Colombia,Romania,1994.0,1.0,3.0,4.0
,,,,Russia,Cameroon,1994.0,6.0,1.0,7.0
,,,,South Korea,Bolivia,1994.0,0.0,0.0,0.0
,,,,Republic of Ireland,Norway,1994.0,0.0,0.0,0.0
,,,,Bolivia,Spain,1994.0,1.0,3.0,4.0
,,,,Germany,South Korea,1994.0,3.0,2.0,5.0
,,,,Argentina,Bulgaria,1994.0,0.0,2.0,2.0
,,,,Italy,Mexico,1994.0,1.0,1.0,2.0
,,,,Italy,Norway,1994.0,1.0,0.0,1.0
,,,,Brazil,Sweden,1994.0,1.0,1.0,2.0
,,,,Bulgaria,Greece,1994.0,4.0,0.0,4.0
,,,,Argentina,Greece,1994.0,4.0,0.0,4.0
,,,,Argentina,Nigeria,1994.0,2.0,1.0,3.0
,,,,Norway,Mexico,1994.0,1.0,0.0,1.0
,,,,Chile,Cameroon,1998.0,1.0,1.0,2.0
,,,,South Korea,Mexico,1998.0,1.0,3.0,4.0
,,,,Italy,Austria,1998.0,2.0,1.0,3.0
,,,,Chile,Austria,1998.0,1.0,1.0,2.0
,,,,France,Saudi Arabia,1998.0,4.0,0.0,4.0
,,,,Brazil,Norway,1998.0,1.0,2.0,3.0
,,,,Brazil,Morocco,1998.0,3.0,0.0,3.0
,,,,Saudi Arabia,Denmark,1998.0,0.0,1.0,1.0
,,,,South Africa,Denmark,1998.0,1.0,1.0,2.0
,,,,Scotland,Norway,1998.0,1.0,1.0,2.0
,,,,Cameroon,Austria,1998.0,1.0,1.0,2.0
,,,,United States,Iran,1998.0,1.0,2.0,3.0
,,,,Italy,Cameroon,1998.0,3.0,0.0,3.0
,,,,Italy,Chile,1998.0,2.0,2.0,4.0
,,,,Scotland,Morocco,1998.0,0.0,3.0,3.0
,,,,France,Denmark,1998.0,2.0,1.0,3.0
,,,,Nigeria,Bulgaria,1998.0,1.0,0.0,1.0
,,,,Spain,Nigeria,1998.0,2.0,3.0,5.0
,,,,South Africa,Saudi Arabia,1998.0,2.0,2.0,4.0
,,,,Paraguay,Bulgaria,1998.0,0.0,0.0,0.0
,,,,Spain,Paraguay,1998.0,0.0,0.0,0.0
,,,,Nigeria,Paraguay,1998.0,1.0,3.0,4.0
,,,,Germany,FR Yugoslavia,1998.0,2.0,2.0,4.0
,,,,FR Yugoslavia,Iran,1998.0,1.0,0.0,1.0
,,,,Netherlands,Belgium,1998.0,0.0,0.0,0.0
,,,,Belgium,Mexico,1998.0,2.0,2.0,4.0
,,,,Germany,United States,1998.0,2.0,0.0,2.0
,,,,Netherlands,Mexico,1998.0,2.0,2.0,4.0
,,,,Spain,Bulgaria,1998.0,6.0,1.0,7.0
,,,,Netherlands,South Korea,1998.0,5.0,0.0,5.0
,,,,Germany,Iran,1998.0,2.0,0.0,2.0
,,,,Belgium,South Korea,1998.0,1.0,1.0,2.0
,,,,England,Tunisia,1998.0,2.0,0.0,2.0
,,,,Brazil,Netherlands,1998.0,1.0,1.0,2.0
,,,,Nigeria,Denmark,1998.0,1.0,4.0,5.0
,,,,Colombia,England,1998.0,0.0,2.0,2.0
,,,,Brazil,Chile,1998.0,4.0,1.0,5.0
,,,,France,Paraguay,1998.0,1.0,0.0,1.0
,,,,Italy,Norway,1998.0,1.0,0.0,1.0
,,,,Argentina,Jamaica,1998.0,5.0,0.0,5.0
,,,,Romania,Colombia,1998.0,1.0,0.0,1.0
,,,,Colombia,Tunisia,1998.0,1.0,0.0,1.0
,,,,France,South Africa,1998.0,3.0,0.0,3.0
,,,,Japan,Croatia,1998.0,0.0,1.0,1.0
,,,,Jamaica,Croatia,1998.0,1.0,3.0,4.0
,,,,Argentina,Croatia,1998.0,1.0,0.0,1.0
,,,,Japan,Jamaica,1998.0,1.0,2.0,3.0
,,,,Romania,England,1998.0,2.0,1.0,3.0
,,,,Argentina,Japan,1998.0,1.0,0.0,1.0
,,,,Brazil,Scotland,1998.0,2.0,1.0,3.0
,,,,Germany,Mexico,1998.0,2.0,1.0,3.0
,,,,Brazil,Denmark,1998.0,3.0,2.0,5.0
,,,,France,Croatia,1998.0,2.0,1.0,3.0
,,,,Italy,France,1998.0,0.0,0.0,0.0
,,,,United States,FR Yugoslavia,1998.0,0.0,1.0,1.0
,,,,Netherlands,Argentina,1998.0,2.0,1.0,3.0
,,,,Germany,Croatia,1998.0,0.0,3.0,3.0
,,,,Argentina,England,1998.0,2.0,2.0,4.0
,,,,Netherlands,FR Yugoslavia,1998.0,2.0,1.0,3.0
,,,,Netherlands,Croatia,1998.0,1.0,2.0,3.0
,,,,Brazil,France,1998.0,0.0,3.0,3.0
,,,,Romania,Tunisia,1998.0,1.0,1.0,2.0
,,,,Romania,Croatia,1998.0,0.0,1.0,1.0
,,,,Morocco,Norway,1998.0,2.0,2.0,4.0
,,,,Italy,Ecuador,2002.0,2.0,0.0,2.0
,,,,Germany,Paraguay,2002.0,1.0,0.0,1.0
,,,,Germany,South Korea,2002.0,1.0,0.0,1.0
,,,,Spain,South Korea,2002.0,0.0,0.0,0.0
,,,,Saudi Arabia,Republic of Ireland,2002.0,0.0,3.0,3.0
,,,,Japan,Belgium,2002.0,2.0,2.0,4.0
,,,,Germany,United States,2002.0,1.0,0.0,1.0
,,,,Argentina,England,2002.0,0.0,1.0,1.0
,,,,Cameroon,Germany,2002.0,0.0,2.0,2.0
,,,,Brazil,Belgium,2002.0,2.0,0.0,2.0
,,,,Croatia,Mexico,2002.0,0.0,1.0,1.0
,,,,Argentina,Nigeria,2002.0,1.0,0.0,1.0
,,,,Sweden,Senegal,2002.0,1.0,2.0,3.0
,,,,Germany,Brazil,2002.0,0.0,2.0,2.0
,,,,South Korea,Turkey,2002.0,2.0,3.0,5.0
,,,,Japan,Russia,2002.0,1.0,0.0,1.0
,,,,Tunisia,Belgium,2002.0,1.0,1.0,2.0
,,,,Ecuador,Croatia,2002.0,1.0,0.0,1.0
,,,,Mexico,United States,2002.0,0.0,2.0,2.0
,,,,Nigeria,England,2002.0,0.0,0.0,0.0
,,,,Brazil,Turkey,2002.0,1.0,0.0,1.0
,,,,Russia,Tunisia,2002.0,2.0,0.0,2.0
,,,,Cameroon,Saudi Arabia,2002.0,1.0,0.0,1.0
,,,,Senegal,Turkey,2002.0,0.0,1.0,1.0
,,,,Japan,Turkey,2002.0,0.0,1.0,1.0
,,,,Denmark,England,2002.0,0.0,3.0,3.0
,,,,Spain,Republic of Ireland,2002.0,1.0,1.0,2.0
,,,,Tunisia,Japan,2002.0,0.0,2.0,2.0
,,,,Sweden,Nigeria,2002.0,2.0,1.0,3.0
,,,,Belgium,Russia,2002.0,3.0,2.0,5.0
,,,,Sweden,Argentina,2002.0,1.0,1.0,2.0
,,,,England,Sweden,2002.0,1.0,1.0,2.0
,,,,Paraguay,South Africa,2002.0,2.0,2.0,4.0
,,,,Senegal,Uruguay,2002.0,3.0,3.0,6.0
,,,,Brazil,Turkey,2002.0,2.0,1.0,3.0
,,,,Mexico,Italy,2002.0,1.0,1.0,2.0
,,,,Costa Rica,Turkey,2002.0,1.0,1.0,2.0
,,,,Brazil,China,2002.0,4.0,0.0,4.0
,,,,Germany,Saudi Arabia,2002.0,8.0,0.0,8.0
,,,,Portugal,South Korea,2002.0,0.0,1.0,1.0
,,,,Spain,Slovenia,2002.0,3.0,1.0,4.0
,,,,England,Brazil,2002.0,1.0,2.0,3.0
,,,,Portugal,Poland,2002.0,4.0,0.0,4.0
,,,,United States,Portugal,2002.0,3.0,2.0,5.0
,,,,China,Costa Rica,2002.0,0.0,2.0,2.0
,,,,Slovenia,Paraguay,2002.0,1.0,3.0,4.0
,,,,Uruguay,Denmark,2002.0,1.0,2.0,3.0
,,,,Republic of Ireland,Cameroon,2002.0,1.0,1.0,2.0
,,,,France,Uruguay,2002.0,0.0,0.0,0.0
,,,,South Africa,Slovenia,2002.0,1.0,0.0,1.0
,,,,Denmark,France,2002.0,2.0,0.0,2.0
,,,,South Korea,Italy,2002.0,2.0,1.0,3.0
,,,,Spain,Paraguay,2002.0,3.0,1.0,4.0
,,,,South Korea,Poland,2002.0,2.0,0.0,2.0
,,,,Mexico,Ecuador,2002.0,2.0,1.0,3.0
,,,,Germany,Republic of Ireland,2002.0,1.0,1.0,2.0
,,,,Poland,United States,2002.0,3.0,1.0,4.0
,,,,South Korea,United States,2002.0,1.0,1.0,2.0
,,,,France,Senegal,2002.0,0.0,1.0,1.0
,,,,Turkey,China,2002.0,3.0,0.0,3.0
,,,,Costa Rica,Brazil,2002.0,2.0,5.0,7.0
,,,,Denmark,Senegal,2002.0,1.0,1.0,2.0
,,,,South Africa,Spain,2002.0,2.0,3.0,5.0
,,,,Italy,Croatia,2002.0,1.0,2.0,3.0
,,,,Italy,Australia,2006.0,1.0,0.0,1.0
,,,,Portugal,Netherlands,2006.0,1.0,0.0,1.0
,,,,South Korea,Togo,2006.0,2.0,1.0,3.0
,,,,France,Switzerland,2006.0,0.0,0.0,0.0
,,,,France,South Korea,2006.0,1.0,1.0,2.0
,,,,Switzerland,Ukraine,2006.0,0.0,0.0,0.0
,,,,Germany,Italy,2006.0,0.0,2.0,2.0
,,,,Italy,France,2006.0,1.0,1.0,2.0
,,,,Spain,Ukraine,2006.0,4.0,0.0,4.0
,,,,Tunisia,Saudi Arabia,2006.0,2.0,2.0,4.0
,,,,Saudi Arabia,Ukraine,2006.0,0.0,4.0,4.0
,,,,Brazil,France,2006.0,0.0,1.0,1.0
,,,,Saudi Arabia,Spain,2006.0,0.0,1.0,1.0
,,,,Portugal,France,2006.0,0.0,1.0,1.0
,,,,Italy,Ghana,2006.0,2.0,0.0,2.0
,,,,Argentina,Mexico,2006.0,2.0,1.0,3.0
,,,,Germany,Portugal,2006.0,3.0,1.0,4.0
,,,,Japan,Brazil,2006.0,1.0,4.0,5.0
,,,,Togo,Switzerland,2006.0,0.0,2.0,2.0
,,,,Brazil,Ghana,2006.0,3.0,0.0,3.0
,,,,Japan,Croatia,2006.0,0.0,0.0,0.0
,,,,Czech Republic,Italy,2006.0,0.0,2.0,2.0
,,,,England,Ecuador,2006.0,1.0,0.0,1.0
,,,,Brazil,Australia,2006.0,2.0,0.0,2.0
,,,,England,Portugal,2006.0,0.0,0.0,0.0
,,,,Germany,Sweden,2006.0,2.0,0.0,2.0
,,,,Czech Republic,Ghana,2006.0,0.0,2.0,2.0
,,,,Ukraine,Tunisia,2006.0,1.0,0.0,1.0
,,,,Togo,France,2006.0,0.0,2.0,2.0
,,,,Spain,Tunisia,2006.0,3.0,1.0,4.0
,,,,Croatia,Australia,2006.0,2.0,2.0,4.0
,,,,Switzerland,South Korea,2006.0,2.0,0.0,2.0
,,,,Trinidad and Tobago,Sweden,2006.0,0.0,0.0,0.0
,,,,Paraguay,Trinidad and Tobago,2006.0,2.0,0.0,2.0
,,,,Angola,Portugal,2006.0,0.0,1.0,1.0
,,,,Mexico,Iran,2006.0,3.0,1.0,4.0
,,,,Sweden,England,2006.0,2.0,2.0,4.0
,,,,Sweden,Paraguay,2006.0,1.0,0.0,1.0
,,,,England,Trinidad and Tobago,2006.0,2.0,0.0,2.0
,,,,Mexico,Angola,2006.0,0.0,0.0,0.0
,,,,Germany,Argentina,2006.0,1.0,1.0,2.0
,,,,Ghana,United States,2006.0,2.0,1.0,3.0
,,,,Ecuador,Germany,2006.0,0.0,3.0,3.0
,,,,Ecuador,Costa Rica,2006.0,3.0,0.0,3.0
,,,,Germany,Poland,2006.0,1.0,0.0,1.0
,,,,Poland,Ecuador,2006.0,0.0,2.0,2.0
,,,,Argentina,Ivory Coast,2006.0,2.0,1.0,3.0
,,,,Spain,France,2006.0,1.0,3.0,4.0
,,,,Australia,Japan,2006.0,3.0,1.0,4.0
,,,,Netherlands,Argentina,2006.0,0.0,0.0,0.0
,,,,Italy,United States,2006.0,1.0,1.0,2.0
,,,,Costa Rica,Poland,2006.0,1.0,2.0,3.0
,,,,Argentina,Serbia and Montenegro,2006.0,6.0,0.0,6.0
,,,,United States,Czech Republic,2006.0,0.0,3.0,3.0
,,,,Iran,Angola,2006.0,1.0,1.0,2.0
,,,,Germany,Costa Rica,2006.0,4.0,2.0,6.0
,,,,Italy,Ukraine,2006.0,3.0,0.0,3.0
,,,,Portugal,Mexico,2006.0,2.0,1.0,3.0
,,,,Brazil,Croatia,2006.0,1.0,0.0,1.0
,,,,Portugal,Iran,2006.0,2.0,0.0,2.0
,,,,Serbia and Montenegro,Netherlands,2006.0,0.0,1.0,1.0
,,,,England,Paraguay,2006.0,1.0,0.0,1.0
,,,,Netherlands,Ivory Coast,2006.0,2.0,1.0,3.0
,,,,Ivory Coast,Serbia and Montenegro,2006.0,3.0,2.0,5.0
,,,,Slovenia,United States,2010.0,2.0,2.0,4.0
,,,,England,United States,2010.0,1.0,1.0,2.0
,,,,Germany,Australia,2010.0,4.0,0.0,4.0
,,,,Argentina,Nigeria,2010.0,1.0,0.0,1.0
,,,,Algeria,Slovenia,2010.0,0.0,1.0,1.0
,,,,Ghana,Australia,2010.0,1.0,1.0,2.0
,,,,Argentina,South Korea,2010.0,4.0,1.0,5.0
,,,,Greece,Nigeria,2010.0,2.0,1.0,3.0
,,,,Germany,Serbia,2010.0,0.0,1.0,1.0
,,,,France,Mexico,2010.0,0.0,2.0,2.0
,,,,Serbia,Ghana,2010.0,0.0,1.0,1.0
,,,,Mexico,Uruguay,2010.0,0.0,1.0,1.0
,,,,Ghana,Germany,2010.0,0.0,1.0,1.0
,,,,United States,Algeria,2010.0,1.0,0.0,1.0
,,,,Cameroon,Denmark,2010.0,1.0,2.0,3.0
,,,,Italy,Paraguay,2010.0,1.0,1.0,2.0
,,,,Nigeria,South Korea,2010.0,2.0,2.0,4.0
,,,,Greece,Argentina,2010.0,0.0,2.0,2.0
,,,,Japan,Cameroon,2010.0,1.0,0.0,1.0
,,,,Netherlands,Japan,2010.0,1.0,0.0,1.0
,,,,Uruguay,France,2010.0,0.0,0.0,0.0
,,,,Netherlands,Spain,2010.0,0.0,1.0,1.0
,,,,Denmark,Japan,2010.0,1.0,3.0,4.0
,,,,Netherlands,Denmark,2010.0,2.0,0.0,2.0
,,,,South Africa,Uruguay,2010.0,0.0,3.0,3.0
,,,,Slovenia,England,2010.0,0.0,1.0,1.0
,,,,Uruguay,Netherlands,2010.0,2.0,3.0,5.0
,,,,Uruguay,Germany,2010.0,2.0,3.0,5.0
,,,,France,South Africa,2010.0,1.0,2.0,3.0
,,,,South Korea,Greece,2010.0,2.0,0.0,2.0
,,,,Australia,Serbia,2010.0,2.0,1.0,3.0
,,,,Germany,Spain,2010.0,0.0,1.0,1.0
,,,,Uruguay,Ghana,2010.0,1.0,1.0,2.0
,,,,Spain,Honduras,2010.0,2.0,0.0,2.0
,,,,Paraguay,New Zealand,2010.0,0.0,0.0,0.0
,,,,England,Algeria,2010.0,0.0,0.0,0.0
,,,,Portugal,Brazil,2010.0,0.0,0.0,0.0
,,,,Italy,New Zealand,2010.0,1.0,1.0,2.0
,,,,United States,Ghana,2010.0,1.0,2.0,3.0
,,,,Portugal,North Korea,2010.0,7.0,0.0,7.0
,,,,Brazil,Ivory Coast,2010.0,3.0,1.0,4.0
,,,,Netherlands,Slovakia,2010.0,2.0,1.0,3.0
,,,,Switzerland,Honduras,2010.0,0.0,0.0,0.0
,,,,Chile,Switzerland,2010.0,1.0,0.0,1.0
,,,,Germany,England,2010.0,4.0,1.0,5.0
,,,,Spain,Switzerland,2010.0,0.0,1.0,1.0
,,,,Spain,Portugal,2010.0,1.0,0.0,1.0
,,,,Slovakia,Italy,2010.0,3.0,2.0,5.0
,,,,Uruguay,South Korea,2010.0,2.0,1.0,3.0
,,,,Ivory Coast,Portugal,2010.0,0.0,0.0,0.0
,,,,Brazil,North Korea,2010.0,2.0,1.0,3.0
,,,,North Korea,Ivory Coast,2010.0,0.0,3.0,3.0
,,,,Honduras,Chile,2010.0,0.0,1.0,1.0
,,,,Paraguay,Spain,2010.0,0.0,1.0,1.0
,,,,Argentina,Germany,2010.0,0.0,4.0,4.0
,,,,Slovakia,Paraguay,2010.0,0.0,2.0,2.0
,,,,Cameroon,Netherlands,2010.0,1.0,2.0,3.0
,,,,Argentina,Mexico,2010.0,3.0,1.0,4.0
,,,,Netherlands,Brazil,2010.0,2.0,1.0,3.0
,,,,New Zealand,Slovakia,2010.0,1.0,1.0,2.0
,,,,South Africa,Mexico,2010.0,1.0,1.0,2.0
,,,,Chile,Spain,2010.0,1.0,2.0,3.0
,,,,Paraguay,Japan,2010.0,0.0,0.0,0.0
,,,,Brazil,Chile,2010.0,3.0,0.0,3.0
,,,,United States,Portugal,2014.0,2.0,2.0,4.0
,,,,Algeria,Russia,2014.0,1.0,1.0,2.0
,,,,United States,Germany,2014.0,0.0,1.0,1.0
,,,,Belgium,Russia,2014.0,1.0,0.0,1.0
,,,,Costa Rica,Greece,2014.0,1.0,1.0,2.0
,,,,Argentina,Belgium,2014.0,1.0,0.0,1.0
,,,,Portugal,Ghana,2014.0,2.0,1.0,3.0
,,,,Germany,Ghana,2014.0,2.0,2.0,4.0
,,,,Netherlands,Argentina,2014.0,0.0,0.0,0.0
,,,,Brazil,Chile,2014.0,1.0,1.0,2.0
,,,,Germany,Portugal,2014.0,4.0,0.0,4.0
,,,,Belgium,Algeria,2014.0,2.0,1.0,3.0
,,,,Nigeria,Argentina,2014.0,2.0,3.0,5.0
,,,,Brazil,Colombia,2014.0,2.0,1.0,3.0
,,,,France,Germany,2014.0,0.0,1.0,1.0
,,,,Nigeria,Bosnia and Herzegovina,2014.0,1.0,0.0,1.0
,,,,Netherlands,Mexico,2014.0,2.0,1.0,3.0
,,,,Brazil,Netherlands,2014.0,0.0,3.0,3.0
,,,,Brazil,Germany,2014.0,1.0,7.0,8.0
,,,,Germany,Argentina,2014.0,1.0,0.0,1.0
,,,,Honduras,Ecuador,2014.0,1.0,2.0,3.0
,,,,South Korea,Belgium,2014.0,0.0,1.0,1.0
,,,,Russia,South Korea,2014.0,1.0,1.0,2.0
,,,,Ghana,United States,2014.0,1.0,2.0,3.0
,,,,South Korea,Algeria,2014.0,2.0,4.0,6.0
,,,,Belgium,United States,2014.0,2.0,1.0,3.0
,,,,Argentina,Switzerland,2014.0,1.0,0.0,1.0
,,,,Germany,Algeria,2014.0,2.0,1.0,3.0
,,,,France,Nigeria,2014.0,2.0,0.0,2.0
,,,,Bosnia and Herzegovina,Iran,2014.0,3.0,1.0,4.0
,,,,Colombia,Uruguay,2014.0,2.0,0.0,2.0
,,,,Argentina,Iran,2014.0,1.0,0.0,1.0
,,,,Greece,Ivory Coast,2014.0,2.0,1.0,3.0
,,,,Iran,Nigeria,2014.0,0.0,0.0,0.0
,,,,Netherlands,Costa Rica,2014.0,0.0,0.0,0.0
,,,,Australia,Netherlands,2014.0,2.0,3.0,5.0
,,,,Mexico,Cameroon,2014.0,1.0,0.0,1.0
,,,,Ivory Coast,Japan,2014.0,2.0,1.0,3.0
,,,,Cameroon,Croatia,2014.0,0.0,4.0,4.0
,,,,Uruguay,Costa Rica,2014.0,1.0,3.0,4.0
,,,,France,Honduras,2014.0,3.0,0.0,3.0
,,,,Spain,Netherlands,2014.0,1.0,5.0,6.0
,,,,Ecuador,France,2014.0,0.0,0.0,0.0
,,,,Colombia,Ivory Coast,2014.0,2.0,1.0,3.0
,,,,Australia,Spain,2014.0,0.0,3.0,3.0
,,,,Croatia,Mexico,2014.0,1.0,3.0,4.0
,,,,Colombia,Greece,2014.0,3.0,0.0,3.0
,,,,Switzerland,Ecuador,2014.0,2.0,1.0,3.0
,,,,Chile,Australia,2014.0,3.0,1.0,4.0
,,,,Japan,Colombia,2014.0,1.0,4.0,5.0
,,,,Costa Rica,England,2014.0,0.0,0.0,0.0
,,,,England,Italy,2014.0,1.0,2.0,3.0
,,,,Uruguay,England,2014.0,2.0,1.0,3.0
,,,,Italy,Costa Rica,2014.0,0.0,1.0,1.0
,,,,Italy,Uruguay,2014.0,0.0,1.0,1.0
,,,,Spain,Chile,2014.0,0.0,2.0,2.0
,,,,Brazil,Mexico,2014.0,0.0,0.0,0.0
,,,,Netherlands,Chile,2014.0,2.0,0.0,2.0
,,,,Switzerland,France,2014.0,2.0,5.0,7.0
,,,,Honduras,Switzerland,2014.0,0.0,3.0,3.0
,,,,Brazil,Croatia,2014.0,3.0,1.0,4.0
,,,,Japan,Greece,2014.0,0.0,0.0,0.0
,,,,Argentina,Bosnia and Herzegovina,2014.0,2.0,1.0,3.0
,,,,Cameroon,Brazil,2014.0,1.0,4.0,5.0
,,,,Tunisia,England,2018.0,1.0,2.0,3.0
,,,,South Korea,Germany,2018.0,2.0,0.0,2.0
,,,,Mexico,Sweden,2018.0,0.0,3.0,3.0
,,,,Belgium,Panama,2018.0,3.0,0.0,3.0
,,,,Belgium,Tunisia,2018.0,5.0,2.0,7.0
,,,,Uruguay,Russia,2018.0,3.0,0.0,3.0
,,,,England,Belgium,2018.0,0.0,1.0,1.0
,,,,Colombia,Japan,2018.0,1.0,2.0,3.0
,,,,Poland,Senegal,2018.0,1.0,2.0,3.0
,,,,Japan,Senegal,2018.0,2.0,2.0,4.0
,,,,Panama,Tunisia,2018.0,1.0,2.0,3.0
,,,,Denmark,Australia,2018.0,1.0,1.0,2.0
,,,,Spain,Morocco,2018.0,2.0,2.0,4.0
,,,,France,Australia,2018.0,2.0,1.0,3.0
,,,,Sweden,South Korea,2018.0,1.0,0.0,1.0
,,,,Denmark,France,2018.0,0.0,0.0,0.0
,,,,Australia,Peru,2018.0,0.0,2.0,2.0
,,,,Spain,Russia,2018.0,1.0,1.0,2.0
,,,,Croatia,Denmark,2018.0,1.0,1.0,2.0
,,,,Brazil,Mexico,2018.0,2.0,0.0,2.0
,,,,Belgium,Japan,2018.0,3.0,2.0,5.0
,,,,Sweden,Switzerland,2018.0,1.0,0.0,1.0
,,,,Colombia,England,2018.0,1.0,1.0,2.0
,,,,Uruguay,France,2018.0,0.0,2.0,2.0
,,,,Brazil,Belgium,2018.0,1.0,2.0,3.0
,,,,Sweden,England,2018.0,0.0,2.0,2.0
,,,,Russia,Croatia,2018.0,2.0,2.0,4.0
,,,,Senegal,Colombia,2018.0,0.0,1.0,1.0
,,,,France,Peru,2018.0,1.0,0.0,1.0
,,,,Croatia,England,2018.0,2.0,1.0,3.0
,,,,Germany,Mexico,2018.0,0.0,1.0,1.0
,,,,France,Belgium,2018.0,1.0,0.0,1.0
,,,,Japan,Poland,2018.0,0.0,1.0,1.0
,,,,Germany,Sweden,2018.0,2.0,1.0,3.0
,,,,Morocco,Iran,2018.0,0.0,1.0,1.0
,,,,Iran,Spain,2018.0,0.0,1.0,1.0
,,,,Portugal,Morocco,2018.0,1.0,0.0,1.0
,,,,Portugal,Spain,2018.0,3.0,3.0,6.0
,,,,Saudi Arabia,Egypt,2018.0,2.0,1.0,3.0
,,,,England,Panama,2018.0,6.0,1.0,7.0
,,,,Uruguay,Saudi Arabia,2018.0,1.0,0.0,1.0
,,,,Russia,Egypt,2018.0,3.0,1.0,4.0
,,,,Egypt,Uruguay,2018.0,0.0,1.0,1.0
,,,,Russia,Saudi Arabia,2018.0,5.0,0.0,5.0
,,,,Peru,Denmark,2018.0,0.0,1.0,1.0
,,,,Iran,Portugal,2018.0,1.0,1.0,2.0
,,,,Poland,Colombia,2018.0,0.0,3.0,3.0
,,,,Switzerland,Costa Rica,2018.0,2.0,2.0,4.0
,,,,France,Argentina,2018.0,4.0,3.0,7.0
,,,,Uruguay,Portugal,2018.0,2.0,1.0,3.0
,,,,Argentina,Iceland,2018.0,1.0,1.0,2.0
,,,,Croatia,Nigeria,2018.0,2.0,0.0,2.0
,,,,Argentina,Croatia,2018.0,0.0,3.0,3.0
,,,,Nigeria,Iceland,2018.0,2.0,0.0,2.0
,,,,Nigeria,Argentina,2018.0,1.0,2.0,3.0
,,,,Iceland,Croatia,2018.0,1.0,2.0,3.0
,,,,Costa Rica,Serbia,2018.0,0.0,1.0,1.0
,,,,Brazil,Switzerland,2018.0,1.0,1.0,2.0
,,,,Brazil,Costa Rica,2018.0,2.0,0.0,2.0
,,,,Serbia,Switzerland,2018.0,1.0,2.0,3.0
,,,,Serbia,Brazil,2018.0,0.0,2.0,2.0
,,,,South Korea,Mexico,2018.0,1.0,2.0,3.0
,,,,France,Croatia,2018.0,4.0,2.0,6.0
,,,,Belgium,England,2018.0,2.0,0.0,2.0
